Workbook

Sheet Employees
A1: Employee Details - 2026
A5: Employee ID | B5: Employee Name | C5: Contact | D5: Department | E5: Designation | F5: Basic Salary | G5: Per Day Salary | H5: Per Hour Salary
A7: 1 | B7: Rajat Hela | C7: 9023270731 | D7: Production | E7: CNC Machine Operator | F7: 17000 | G7: =F7/26 -> 653.84615 | H7: =G7/11 -> 59.440559
A8: 2 | B8: Umesh Kumar | D8: Production | E8: CNC Machine Operator | F8: 18000 | G8: =F8/26 -> 692.30769 | H8: =G8/11 -> 62.937063
A9: 3 | B9: Ranjan Kumar | C9: 6206577886 | D9: Production | E9: CNC Machine Operator | F9: 21000 | G9: =F9/26 -> 807.69231 | H9: =G9/11 -> 73.426573

Sheet Advance Register
A1: Advance Register - 2026
A5: Date | B5: Employee ID | C5: Employee Name | D5: Amount | E5: Payment Mode | F5: Status | G5: Remarks
A7: 46037 | B7: 2 | C7: =VLOOKUP(B7,Employees!A:B,2,FALSE) -> Umesh Kumar | D7: 500 | E7: Cash | F7: Deducted | G7: -
A8: 46037 | B8: 1 | C8: =VLOOKUP(B8,Employees!A:B,2,FALSE) -> Rajat Hela | D8: 225 | E8: Cash | F8: Deducted | G8: Water Bottle (15)
A9: 46043 | B9: 1 | C9: =VLOOKUP(B9,Employees!A:B,2,FALSE) -> Rajat Hela | D9: 3000 | E9: Cash | F9: Deducted | G9: -
A10: 46043 | B10: 2 | C10: =VLOOKUP(B10,Employees!A:B,2,FALSE) -> Umesh Kumar | D10: 2000 | E10: Cash | F10: Deducted | G10: -
A11: 46055 | B11: 1 | C11: =VLOOKUP(B11,Employees!A:B,2,FALSE) -> Rajat Hela | D11: 1500 | E11: Cash | F11: Deducted | G11: -
A12: 46072 | B12: 2 | C12: =VLOOKUP(B12,Employees!A:B,2,FALSE) -> Umesh Kumar | D12: 12000 | E12: Cash | F12: Deducted | G12: -
A13: 46074 | B13: 1 | C13: =VLOOKUP(B13,Employees!A:B,2,FALSE) -> Rajat Hela | D13: 2000 | E13: Cash | F13: Deducted | G13: -
A14: 46084 | B14: 1 | C14: =VLOOKUP(B14,Employees!A:B,2,FALSE) -> Rajat Hela | D14: 1000 | E14: Cash | F14: Pending | G14: -
A15: 46103 | B15: 1 | C15: =VLOOKUP(B15,Employees!A:B,2,FALSE) -> Rajat Hela | D15: 3000 | E15: Cash | F15: Pending | G15: -
A16: 46109 | B16: 2 | C16: =VLOOKUP(B16,Employees!A:B,2,FALSE) -> Umesh Kumar | D16: 5000 | E16: Cash | F16: Pending | G16: -

Sheet Salary Register
A1: Salary Register - 2026
A3: Month | B3: Employee ID | C3: Employee Name | D3: Gross Salary | E3: Advance Deducted | F3: Other Deductions | G3: Net Salary Payable | H3: Payment Status | I3: Payment Date
A5: 46023 | B5: 1 | C5: =VLOOKUP(B5,Employees!A:B,2,FALSE) -> Rajat Hela | D5: =VLOOKUP(B5,'01-2026'!A:K,11,FALSE) -> 16274.825 | E5: =SUMIFS( 'Advance Register'!$D:$D, 'Advance Register'!$B:$B, B5, 'Advance Register'!$A:$A, ">="&DATE(2026,1,1), 'Advance Register'!$A:$A, "<="&EOMONTH(DATE(2026,1,1),0) ) -> 3225 | F5: 0 | G5: =MAX(0, D5 - E5 - F5) -> 13049.825 | H5: Paid - Cash | I5: 46063
A6: 46023 | B6: 2 | C6: =VLOOKUP(B6,Employees!A:B,2,FALSE) -> Umesh Kumar | D6: =VLOOKUP(B6,'01-2026'!A:K,11,FALSE) -> 14809.091 | E6: =SUMIFS( 'Advance Register'!$D:$D, 'Advance Register'!$B:$B, B6, 'Advance Register'!$A:$A, ">="&DATE(2026,1,1), 'Advance Register'!$A:$A, "<="&EOMONTH(DATE(2026,1,1),0) ) -> 2500 | F6: 0 | G6: =MAX(0, D6 - E6 - F6) -> 12309.091 | H6: Paid - Cash | I6: 46063
A7: 46054 | B7: 1 | C7: =VLOOKUP(B7,Employees!A:B,2,FALSE) -> Rajat Hela | D7: =VLOOKUP(B7,'02-2026'!A:K,11,FALSE) -> 16423.427 | E7: =SUMIFS( 'Advance Register'!$D:$D, 'Advance Register'!$B:$B, B7, 'Advance Register'!$A:$A, ">="&DATE(2026,2,1), 'Advance Register'!$A:$A, "<="&EOMONTH(DATE(2026,2,1),0) ) -> 3500 | F7: 0 | G7: =MAX(0, D7 - E7 - F7) -> 12923.427 | H7: Paid - Cash | I7: 46089
A8: 46054 | B8: 2 | C8: =VLOOKUP(B8,Employees!A:B,2,FALSE) -> Umesh Kumar | D8: =VLOOKUP(B8,'02-2026'!A:K,11,FALSE) -> 18081.818 | E8: =SUMIFS( 'Advance Register'!$D:$D, 'Advance Register'!$B:$B, B8, 'Advance Register'!$A:$A, ">="&DATE(2026,2,1), 'Advance Register'!$A:$A, "<="&EOMONTH(DATE(2026,2,1),0) ) -> 12000 | F8: 0 | G8: =MAX(0, D8 - E8 - F8) -> 6081.8182 | H8: Paid - Cash | I8: 46089
A9: 46082 | B9: 1 | C9: =VLOOKUP(B9,Employees!A:B,2,FALSE) -> Rajat Hela | D9: =VLOOKUP(B9,'03-2026'!A:K,11,FALSE) -> 17552.797 | E9: =SUMIFS( 'Advance Register'!$D:$D, 'Advance Register'!$B:$B, B9, 'Advance Register'!$A:$A, ">="&DATE(2026,3,1), 'Advance Register'!$A:$A, "<="&EOMONTH(DATE(2026,3,1),0) ) -> 4000 | F9: 0 | G9: =MAX(0, D9 - E9 - F9) -> 13552.797 | H9: Paid - Cash | I9: 46238
A10: 46082 | B10: 2 | C10: =VLOOKUP(B10,Employees!A:B,2,FALSE) -> Umesh Kumar | D10: =VLOOKUP(B10,'03-2026'!A:K,11,FALSE) -> 17074.825 | E10: =SUMIFS( 'Advance Register'!$D:$D, 'Advance Register'!$B:$B, B10, 'Advance Register'!$A:$A, ">="&DATE(2026,3,1), 'Advance Register'!$A:$A, "<="&EOMONTH(DATE(2026,3,1),0) ) -> 5000 | F10: 0 | G10: =MAX(0, D10 - E10 - F10) -> 12074.825 | H10: Pending
A11: 46113 | B11: 1 | C11: =VLOOKUP(B11,Employees!A:B,2,FALSE) -> Rajat Hela | D11: =VLOOKUP(B11,'04-2026'!A:K,11,FALSE) -> 15418.881 | E11: =SUMIFS( 'Advance Register'!$D:$D, 'Advance Register'!$B:$B, B11, 'Advance Register'!$A:$A, ">="&DATE(2026,3,1), 'Advance Register'!$A:$A, "<="&EOMONTH(DATE(2026,3,1),0) ) -> 4000 | G11: =MAX(0, D11 - E11 - F11) -> 11418.881

Sheet 01-2026
A1: 46023
A5: Emp ID | B5: Employee Name | C5: Contact | D5: Department | E5: Designation | F5: Basic Salary | G5: Per Day Salary | H5: Per Hour Salary | I5: Total Hours | J5: Total OT (hrs) | K5: Salary Earned
A6: 1 | B6: =VLOOKUP(A6,Employees!A:B,2,FALSE) -> Rajat Hela | C6: =VLOOKUP(A6,Employees!A:C,3,FALSE) -> 9023270731 | D6: =VLOOKUP(A6,Employees!A:D,4,FALSE) -> Production | E6: =VLOOKUP(A6,Employees!A:E,5,FALSE) -> CNC Machine Operator | F6: =VLOOKUP(A6,Employees!A:F,6,FALSE) -> 17000 | G6: =VLOOKUP(A6,Employees!A:G,7,FALSE) -> 653.84615 | H6: =VLOOKUP(A6,Employees!A:H,8,FALSE) -> 59.440559 | I6: =SUMIFS('01-2026'!$L$10:$L$308, '01-2026'!$B$10:$B$308, $A6) -> 267.8 | J6: =SUMIFS('01-2026'!$M$10:$M$308, '01-2026'!$B$10:$B$308, $A6) -> 6 | K6: =('01-2026'!$I6+'01-2026'!$J6)*'01-2026'!$H6 -> 16274.825
A7: 2 | B7: =VLOOKUP(A7,Employees!A:B,2,FALSE) -> Umesh Kumar | C7: =VLOOKUP(A7,Employees!A:C,3,FALSE) | D7: =VLOOKUP(A7,Employees!A:D,4,FALSE) -> Production | E7: =VLOOKUP(A7,Employees!A:E,5,FALSE) -> CNC Machine Operator | F7: =VLOOKUP(A7,Employees!A:F,6,FALSE) -> 18000 | G7: =VLOOKUP(A7,Employees!A:G,7,FALSE) -> 692.30769 | H7: =VLOOKUP(A7,Employees!A:H,8,FALSE) -> 62.937063 | I7: =SUMIFS('01-2026'!$L$10:$L$308, '01-2026'!$B$10:$B$308, $A7) -> 217.3 | J7: =SUMIFS('01-2026'!$M$10:$M$308, '01-2026'!$B$10:$B$308, $A7) -> 18 | K7: =('01-2026'!$I7+'01-2026'!$J7)*'01-2026'!$H7 -> 14809.091
A9: Date | B9: Employee ID | C9: Employee Name | D9: Check-In | E9: Break Start | F9: Break End | G9: Check-Out | H9: Total Break (hrs) | I9: Total Working (hrs) | J9: Net Working (hrs) | K9: Over Time (hrs) | L9: NW (For Calc) | M9: Ot (For Calc)
L10: =IF(J10="","", IFERROR( HOUR(J10)+MINUTE(J10)/100, HOUR(TIMEVALUE(SUBSTITUTE(J10,CHAR(160),""))) +MINUTE(TIMEVALUE(SUBSTITUTE(J10,CHAR(160),"")))/100 ) ) | M10: =IF(K10="","", IFERROR( HOUR(K10)+MINUTE(K10)/100, HOUR(TIMEVALUE(SUBSTITUTE(K10,CHAR(160),""))) +MINUTE(TIMEVALUE(SUBSTITUTE(K10,CHAR(160),"")))/100 ) )
A11: 46023 | B11: 1 | C11: =VLOOKUP(B11,Employees!A:B,2,FALSE) -> Rajat Hela | D11: 0.33333333 | E11: 0.54166667 | F11: 0.58333333 | G11: 0.69444444 | H11: =F11 - E11 -> 0.041666667 | I11: =G11 - D11 -> 0.36111111 | J11: =I11 - H11 -> 0.31944444 | K11: =MAX( 0, MOD( IFERROR( J11, TIMEVALUE(SUBSTITUTE(J11,CHAR(160),"")) ), 1 ) - TIME(11,0,0) ) -> 0 | L11: =IF(J11="","", IFERROR( HOUR(MIN(MOD(J11,1), TIME(11,0,0))) + MINUTE(MIN(MOD(J11,1), TIME(11,0,0)))/100, HOUR(MIN(MOD(TIMEVALUE(SUBSTITUTE(J11,CHAR(160),"")),1), TIME(11,0,0))) + MINUTE(MIN(MOD(TIMEVALUE(SUBSTITUTE(J11,CHAR(160),"")),1), TIME(11,0,0)))/100 ) ) -> 7.4 | M11: =IF(K11="","", IFERROR( HOUR(K11)+MINUTE(K11)/100, HOUR(TIMEVALUE(SUBSTITUTE(K11,CHAR(160),""))) +MINUTE(TIMEVALUE(SUBSTITUTE(K11,CHAR(160),"")))/100 ) ) -> 0
A12: 46024 | B12: 1 | C12: =VLOOKUP(B12,Employees!A:B,2,FALSE) -> Rajat Hela | D12: 0.33333333 | E12: 0.5625 | F12: 0.60416667 | G12: 0.83333333 | H12: =F12 - E12 -> 0.041666667 | I12: =G12 - D12 -> 0.5 | J12: =I12 - H12 -> 0.45833333 | K12: =MAX( 0, MOD( IFERROR( J12, TIMEVALUE(SUBSTITUTE(J12,CHAR(160),"")) ), 1 ) - TIME(11,0,0) ) -> 0 | L12: =IF(J12="","", IFERROR( HOUR(MIN(MOD(J12,1), TIME(11,0,0))) + MINUTE(MIN(MOD(J12,1), TIME(11,0,0)))/100, HOUR(MIN(MOD(TIMEVALUE(SUBSTITUTE(J12,CHAR(160),"")),1), TIME(11,0,0))) + MINUTE(MIN(MOD(TIMEVALUE(SUBSTITUTE(J12,CHAR(160),"")),1), TIME(11,0,0)))/100 ) ) -> 11 | M12: =IF(K12="","", IFERROR( HOUR(K12)+MINUTE(K12)/100, HOUR(TIMEVALUE(SUBSTITUTE(K12,CHAR(160),""))) +MINUTE(TIMEVALUE(SUBSTITUTE(K12,CHAR(160),"")))/100 ) ) -> 0
A13: 46025 | B13: 1 | C13: =VLOOKUP(B13,Employees!A:B,2,FALSE) -> Rajat Hela | D13: 0.33333333 | E13: 0.54166667 | F13: 0.58333333 | G13: 0.83333333 | H13: =F13 - E13 -> 0.041666667 | I13: =G13 - D13 -> 0.5 | J13: =I13 - H13 -> 0.45833333 | K13: =MAX( 0, MOD( IFERROR( J13, TIMEVALUE(SUBSTITUTE(J13,CHAR(160),"")) ), 1 ) - TIME(11,0,0) ) -> 0 | L13: =IF(J13="","", IFERROR( HOUR(MIN(MOD(J13,1), TIME(11,0,0))) + MINUTE(MIN(MOD(J13,1), TIME(11,0,0)))/100, HOUR(MIN(MOD(TIMEVALUE(SUBSTITUTE(J13,CHAR(160),"")),1), TIME(11,0,0))) + MINUTE(MIN(MOD(TIMEVALUE(SUBSTITUTE(J13,CHAR(160),"")),1), TIME(11,0,0)))/100 ) ) -> 11 | M13: =IF(K13="","", IFERROR( HOUR(K13)+MINUTE(K13)/100, HOUR(TIMEVALUE(SUBSTITUTE(K13,CHAR(160),""))) +MINUTE(TIMEVALUE(SUBSTITUTE(K13,CHAR(160),"")))/100 ) ) -> 0
A14: 46026 | B14: 1 | C14: =VLOOKUP(B14,Employees!A:B,2,FALSE) -> Rajat Hela | D14: 0.33333333 | E14: 0.5 | F14: 0.54166667 | G14: 0.6875 | H14: =F14 - E14 -> 0.041666667 | I14: =G14 - D14 -> 0.35416667 | J14: =I14 - H14 -> 0.3125 | K14: =MAX( 0, MOD( IFERROR( J14, TIMEVALUE(SUBSTITUTE(J14,CHAR(160),"")) ), 1 ) - TIME(11,0,0) ) -> 0 | L14: =IF(J14="","", IFERROR( HOUR(MIN(MOD(J14,1), TIME(11,0,0))) + MINUTE(MIN(MOD(J14,1), TIME(11,0,0)))/100, HOUR(MIN(MOD(TIMEVALUE(SUBSTITUTE(J14,CHAR(160),"")),1), TIME(11,0,0))) + MINUTE(MIN(MOD(TIMEVALUE(SUBSTITUTE(J14,CHAR(160),"")),1), TIME(11,0,0)))/100 ) ) -> 7.3 | M14: =IF(K14="","", IFERROR( HOUR(K14)+MINUTE(K14)/100, HOUR(TIMEVALUE(SUBSTITUTE(K14,CHAR(160),""))) +MINUTE(TIMEVALUE(SUBSTITUTE(K14,CHAR(160),"")))/100 ) ) -> 0
B15: 1 | C15: =VLOOKUP(B15,Employees!A:B,2,FALSE) -> Rajat Hela | D15: 0.875 | G15: 1.0208333 | H15: =F15 - E15 -> 0 | I15: =G15 - D15 -> 0.14583333 | J15: =I15 - H15 -> 0.14583333 | K15: =MAX( 0, MOD( IFERROR( J15, TIMEVALUE(SUBSTITUTE(J15,CHAR(160),"")) ), 1 ) - TIME(11,0,0) ) -> 0 | L15: =IF(J15="","", IFERROR( HOUR(MIN(MOD(J15,1), TIME(11,0,0))) + MINUTE(MIN(MOD(J15,1), TIME(11,0,0)))/100, HOUR(MIN(MOD(TIMEVALUE(SUBSTITUTE(J15,CHAR(160),"")),1), TIME(11,0,0))) + MINUTE(MIN(MOD(TIMEVALUE(SUBSTITUTE(J15,CHAR(160),"")),1), TIME(11,0,0)))/100 ) ) -> 3.3 | M15: =IF(K15="","", IFERROR( HOUR(K15)+MINUTE(K15)/100, HOUR(TIMEVALUE(SUBSTITUTE(K15,CHAR(160),""))) +MINUTE(TIMEVALUE(SUBSTITUTE(K15,CHAR(160),"")))/100 ) ) -> 0
A16: 46027 | B16: 1 | C16: =VLOOKUP(B16,Employees!A:B,2,FALSE) -> Rajat Hela | D16: 0.33333333 | E16: 0.54166667 | F16: 0.58333333 | G16: 0.73611111 | H16: =F16 - E16 -> 0.041666667 | I16: =G16 - D16 -> 0.40277778 | J16: =I16 - H16 -> 0.36111111 | K16: =MAX( 0, MOD( IFERROR( J16, TIMEVALUE(SUBSTITUTE(J16,CHAR(160),"")) ), 1 ) - TIME(11,0,0) ) -> 0 | L16: =IF(J16="","", IFERROR( HOUR(MIN(MOD(J16,1), TIME(11,0,0))) + MINUTE(MIN(MOD(J16,1), TIME(11,0,0)))/100, HOUR(MIN(MOD(TIMEVALUE(SUBSTITUTE(J16,CHAR(160),"")),1), TIME(11,0,0))) + MINUTE(MIN(MOD(TIMEVALUE(SUBSTITUTE(J16,CHAR(160),"")),1), TIME(11,0,0)))/100 ) ) -> 8.4 | M16: =IF(K16="","", IFERROR( HOUR(K16)+MINUTE(K16)/100, HOUR(TIMEVALUE(SUBSTITUTE(K16,CHAR(160),""))) +MINUTE(TIMEVALUE(SUBSTITUTE(K16,CHAR(160),"")))/100 ) ) -> 0
A17: 46028 | B17: 1 | C17: =VLOOKUP(B17,Employees!A:B,2,FALSE) -> Rajat Hela | D17: 0.33333333 | E17: 0.54166667 | F17: 0.58333333 | G17: 0.83333333 | H17: =F17 - E17 -> 0.041666667 | I17: =G17 - D17 -> 0.5 | J17: =I17 - H17 -> 0.45833333 | K17: =MAX( 0, MOD( IFERROR( J17, TIMEVALUE(SUBSTITUTE(J17,CHAR(160),"")) ), 1 ) - TIME(11,0,0) ) -> 0 | L17: =IF(J17="","", IFERROR( HOUR(MIN(MOD(J17,1), TIME(11,0,0))) + MINUTE(MIN(MOD(J17,1), TIME(11,0,0)))/100, HOUR(MIN(MOD(TIMEVALUE(SUBSTITUTE(J17,CHAR(160),"")),1), TIME(11,0,0))) + MINUTE(MIN(MOD(TIMEVALUE(SUBSTITUTE(J17,CHAR(160),"")),1), TIME(11,0,0)))/100 ) ) -> 11 | M17: =IF(K17="","", IFERROR( HOUR(K17)+MINUTE(K17)/100, HOUR(TIMEVALUE(SUBSTITUTE(K17,CHAR(160),""))) +MINUTE(TIMEVALUE(SUBSTITUTE(K17,CHAR(160),"")))/100 ) ) -> 0
B18: 1 | C18: =VLOOKUP(B18,Employees!A:B,2,FALSE) -> Rajat Hela | D18: 0.875 | G18: 0.33333333 | H18: =F18 - E18 -> 0 | I18: =G18 - D18 -> -0.54166667 | J18: =I18 - H18 -> -0.54166667 | K18: =MAX( 0, MOD( IFERROR( J18, TIMEVALUE(SUBSTITUTE(J18,CHAR(160),"")) ), 1 ) - TIME(11,0,0) ) -> 0 | L18: =IF(J18="","", IFERROR( HOUR(MIN(MOD(J18,1), TIME(11,0,0))) + MINUTE(MIN(MOD(J18,1), TIME(11,0,0)))/100, HOUR(MIN(MOD(TIMEVALUE(SUBSTITUTE(J18,CHAR(160),"")),1), TIME(11,0,0))) + MINUTE(MIN(MOD(TIMEVALUE(SUBSTITUTE(J18,CHAR(160),"")),1), TIME(11,0,0)))/100 ) ) -> 11 | M18: =IF(K18="","", IFERROR( HOUR(K18)+MINUTE(K18)/100, HOUR(TIMEVALUE(SUBSTITUTE(K18,CHAR(160),""))) +MINUTE(TIMEVALUE(SUBSTITUTE(K18,CHAR(160),"")))/100 ) ) -> 0
A19: 46029 | G19: Wednesday | L19: =IF(J19="","", IFERROR( HOUR(MIN(MOD(J19,1), TIME(11,0,0))) + MINUTE(MIN(MOD(J19,1), TIME(11,0,0)))/100, HOUR(MIN(MOD(TIMEVALUE(SUBSTITUTE(J19,CHAR(160),"")),1), TIME(11,0,0))) + MINUTE(MIN(MOD(TIMEVALUE(SUBSTITUTE(J19,CHAR(160),"")),1), TIME(11,0,0)))/100 ) ) | M19: =IF(K19="","", IFERROR( HOUR(K19)+MINUTE(K19)/100, HOUR(TIMEVALUE(SUBSTITUTE(K19,CHAR(160),""))) +MINUTE(TIMEVALUE(SUBSTITUTE(K19,CHAR(160),"")))/100 ) )
A20: 46030 | G20: Setting | L20: =IF(J20="","", IFERROR( HOUR(MIN(MOD(J20,1), TIME(11,0,0))) + MINUTE(MIN(MOD(J20,1), TIME(11,0,0)))/100, HOUR(MIN(MOD(TIMEVALUE(SUBSTITUTE(J20,CHAR(160),"")),1), TIME(11,0,0))) + MINUTE(MIN(MOD(TIMEVALUE(SUBSTITUTE(J20,CHAR(160),"")),1), TIME(11,0,0)))/100 ) ) | M20: =IF(K20="","", IFERROR( HOUR(K20)+MINUTE(K20)/100, HOUR(TIMEVALUE(SUBSTITUTE(K20,CHAR(160),""))) +MINUTE(TIMEVALUE(SUBSTITUTE(K20,CHAR(160),"")))/100 ) )
A21: 46031 | B21: 1 | C21: =VLOOKUP(B21,Employees!A:B,2,FALSE) -> Rajat Hela | D21: 0.33333333 | E21: 0.54166667 | F21: 0.58333333 | G21: 0.83333333 | H21: =F21 - E21 -> 0.041666667 | I21: =G21 - D21 -> 0.5 | J21: =I21 - H21 -> 0.45833333 | K21: =MAX( 0, MOD( IFERROR( J21, TIMEVALUE(SUBSTITUTE(J21,CHAR(160),"")) ), 1 ) - TIME(11,0,0) ) -> 0 | L21: =IF(J21="","", IFERROR( HOUR(MIN(MOD(J21,1), TIME(11,0,0))) + MINUTE(MIN(MOD(J21,1), TIME(11,0,0)))/100, HOUR(MIN(MOD(TIMEVALUE(SUBSTITUTE(J21,CHAR(160),"")),1), TIME(11,0,0))) + MINUTE(MIN(MOD(TIMEVALUE(SUBSTITUTE(J21,CHAR(160),"")),1), TIME(11,0,0)))/100 ) ) -> 11 | M21: =IF(K21="","", IFERROR( HOUR(K21)+MINUTE(K21)/100, HOUR(TIMEVALUE(SUBSTITUTE(K21,CHAR(160),""))) +MINUTE(TIMEVALUE(SUBSTITUTE(K21,CHAR(160),"")))/100 ) ) -> 0
B22: 1 | C22: =VLOOKUP(B22,Employees!A:B,2,FALSE) -> Rajat Hela | D22: 0.875 | G22: 0.041666667 | H22: =F22 - E22 -> 0 | I22: =G22 - D22 -> -0.83333333 | J22: =I22 - H22 -> -0.83333333 | K22: =MAX( 0, MOD( IFERROR( J22, TIMEVALUE(SUBSTITUTE(J22,CHAR(160),"")) ), 1 ) - TIME(11,0,0) ) -> 0 | L22: =IF(J22="","", IFERROR( HOUR(MIN(MOD(J22,1), TIME(11,0,0))) + MINUTE(MIN(MOD(J22,1), TIME(11,0,0)))/100, HOUR(MIN(MOD(TIMEVALUE(SUBSTITUTE(J22,CHAR(160),"")),1), TIME(11,0,0))) + MINUTE(MIN(MOD(TIMEVALUE(SUBSTITUTE(J22,CHAR(160),"")),1), TIME(11,0,0)))/100 ) ) -> 4 | M22: =IF(K22="","", IFERROR( HOUR(K22)+MINUTE(K22)/100, HOUR(TIMEVALUE(SUBSTITUTE(K22,CHAR(160),""))) +MINUTE(TIMEVALUE(SUBSTITUTE(K22,CHAR(160),"")))/100 ) ) -> 0
A23: 46032 | B23: 1 | C23: =VLOOKUP(B23,Employees!A:B,2,FALSE) -> Rajat Hela | D23: 0.33333333 | E23: 0.54166667 | F23: 0.58333333 | G23: 0.83333333 | H23: =F23 - E23 -> 0.041666667 | I23: =G23 - D23 -> 0.5 | J23: =I23 - H23 -> 0.45833333 | K23: =MAX( 0, MOD( IFERROR( J23, TIMEVALUE(SUBSTITUTE(J23,CHAR(160),"")) ), 1 ) - TIME(11,0,0) ) -> 0 | L23: =IF(J23="","", IFERROR( HOUR(MIN(MOD(J23,1), TIME(11,0,0))) + MINUTE(MIN(MOD(J23,1), TIME(11,0,0)))/100, HOUR(MIN(MOD(TIMEVALUE(SUBSTITUTE(J23,CHAR(160),"")),1), TIME(11,0,0))) + MINUTE(MIN(MOD(TIMEVALUE(SUBSTITUTE(J23,CHAR(160),"")),1), TIME(11,0,0)))/100 ) ) -> 11 | M23: =IF(K23="","", IFERROR( HOUR(K23)+MINUTE(K23)/100, HOUR(TIMEVALUE(SUBSTITUTE(K23,CHAR(160),""))) +MINUTE(TIMEVALUE(SUBSTITUTE(K23,CHAR(160),"")))/100 ) ) -> 0
B24: 1 | C24: =VLOOKUP(B24,Employees!A:B,2,FALSE) -> Rajat Hela | D24: 0.875 | G24: 1 | H24: =F24 - E24 -> 0 | I24: =G24 - D24 -> 0.125 | J24: =I24 - H24 -> 0.125 | K24: =MAX( 0, MOD( IFERROR( J24, TIMEVALUE(SUBSTITUTE(J24,CHAR(160),"")) ), 1 ) - TIME(11,0,0) ) -> 0 | L24: =IF(J24="","", IFERROR( HOUR(MIN(MOD(J24,1), TIME(11,0,0))) + MINUTE(MIN(MOD(J24,1), TIME(11,0,0)))/100, HOUR(MIN(MOD(TIMEVALUE(SUBSTITUTE(J24,CHAR(160),"")),1), TIME(11,0,0))) + MINUTE(MIN(MOD(TIMEVALUE(SUBSTITUTE(J24,CHAR(160),"")),1), TIME(11,0,0)))/100 ) ) -> 3 | M24: =IF(K24="","", IFERROR( HOUR(K24)+MINUTE(K24)/100, HOUR(TIMEVALUE(SUBSTITUTE(K24,CHAR(160),""))) +MINUTE(TIMEVALUE(SUBSTITUTE(K24,CHAR(160),"")))/100 ) ) -> 0
A25: 46033 | B25: 1 | C25: =VLOOKUP(B25,Employees!A:B,2,FALSE) -> Rajat Hela | D25: 0.33333333 | E25: 0.56944444 | F25: 0.61111111 | G25: 0.61111111 | H25: =F25 - E25 -> 0.041666667 | I25: =G25 - D25 -> 0.27777778 | J25: =I25 - H25 -> 0.23611111 | K25: =MAX( 0, MOD( IFERROR( J25, TIMEVALUE(SUBSTITUTE(J25,CHAR(160),"")) ), 1 ) - TIME(11,0,0) ) -> 0 | L25: =IF(J25="","", IFERROR( HOUR(MIN(MOD(J25,1), TIME(11,0,0))) + MINUTE(MIN(MOD(J25,1), TIME(11,0,0)))/100, HOUR(MIN(MOD(TIMEVALUE(SUBSTITUTE(J25,CHAR(160),"")),1), TIME(11,0,0))) + MINUTE(MIN(MOD(TIMEVALUE(SUBSTITUTE(J25,CHAR(160),"")),1), TIME(11,0,0)))/100 ) ) -> 5.4 | M25: =IF(K25="","", IFERROR( HOUR(K25)+MINUTE(K25)/100, HOUR(TIMEVALUE(SUBSTITUTE(K25,CHAR(160),""))) +MINUTE(TIMEVALUE(SUBSTITUTE(K25,CHAR(160),"")))/100 ) ) -> 0
B26: 2 | C26: =VLOOKUP(B26,Employees!A:B,2,FALSE) -> Umesh Kumar | D26: 0.83333333 | G26: 0.33333333 | H26: =F26 - E26 -> 0 | I26: =G26 - D26 -> -0.5 | J26: =I26 - H26 -> -0.5 | K26: =MAX( 0, MOD( IFERROR( J26, TIMEVALUE(SUBSTITUTE(J26,CHAR(160),"")) ), 1 ) - TIME(11,0,0) ) -> 0.041666667 | L26: =IF(J26="","", IFERROR( HOUR(MIN(MOD(J26,1), TIME(11,0,0))) + MINUTE(MIN(MOD(J26,1), TIME(11,0,0)))/100, HOUR(MIN(MOD(TIMEVALUE(SUBSTITUTE(J26,CHAR(160),"")),1), TIME(11,0,0))) + MINUTE(MIN(MOD(TIMEVALUE(SUBSTITUTE(J26,CHAR(160),"")),1), TIME(11,0,0)))/100 ) ) -> 11
A27: 46034 | B27: 1 | C27: =VLOOKUP(B27,Employees!A:B,2,FALSE) -> Rajat Hela | D27: 0.33333333 | E27: 0.54166667 | F27: 0.58333333 | G27: 0.83333333 | H27: =F27 - E27 -> 0.041666667 | I27: =G27 - D27 -> 0.5 | J27: =I27 - H27 -> 0.45833333 | K27: =MAX( 0, MOD( IFERROR( J27, TIMEVALUE(SUBSTITUTE(J27,CHAR(160),"")) ), 1 ) - TIME(11,0,0) ) -> 0 | L27: =IF(J27="","", IFERROR( HOUR(MIN(MOD(J27,1), TIME(11,0,0))) + MINUTE(MIN(MOD(J27,1), TIME(11,0,0)))/100, HOUR(MIN(MOD(TIMEVALUE(SUBSTITUTE(J27,CHAR(160),"")),1), TIME(11,0,0))) + MINUTE(MIN(MOD(TIMEVALUE(SUBSTITUTE(J27,CHAR(160),"")),1), TIME(11,0,0)))/100 ) ) -> 11 | M27: =IF(K27="","", IFERROR( HOUR(K27)+MINUTE(K27)/100, HOUR(TIMEVALUE(SUBSTITUTE(K27,CHAR(160),""))) +MINUTE(TIMEVALUE(SUBSTITUTE(K27,CHAR(160),"")))/100 ) ) -> 0
B28: 2 | C28: =VLOOKUP(B28,Employees!A:B,2,FALSE) -> Umesh Kumar | D28: 0.83333333 | G28: 0.33333333 | H28: =F28 - E28 -> 0 | I28: =G28 - D28 -> -0.5 | J28: =I28 - H28 -> -0.5 | K28: =MAX( 0, MOD( IFERROR( J28, TIMEVALUE(SUBSTITUTE(J28,CHAR(160),"")) ), 1 ) - TIME(11,0,0) ) -> 0.041666667 | L28: =IF(J28="","", IFERROR( HOUR(MIN(MOD(J28,1), TIME(11,0,0))) + MINUTE(MIN(MOD(J28,1), TIME(11,0,0)))/100, HOUR(MIN(MOD(TIMEVALUE(SUBSTITUTE(J28,CHAR(160),"")),1), TIME(11,0,0))) + MINUTE(MIN(MOD(TIMEVALUE(SUBSTITUTE(J28,CHAR(160),"")),1), TIME(11,0,0)))/100 ) ) -> 11 | M28: =IF(K28="","", IFERROR( HOUR(K28)+MINUTE(K28)/100, HOUR(TIMEVALUE(SUBSTITUTE(K28,CHAR(160),""))) +MINUTE(TIMEVALUE(SUBSTITUTE(K28,CHAR(160),"")))/100 ) ) -> 1
A29: 46035 | B29: 1 | C29: =VLOOKUP(B29,Employees!A:B,2,FALSE) -> Rajat Hela | D29: 0.33333333 | E29: 0.52083333 | F29: 0.5625 | G29: 0.83333333 | H29: =F29 - E29 -> 0.041666667 | I29: =G29 - D29 -> 0.5 | J29: =I29 - H29 -> 0.45833333 | K29: =MAX( 0, MOD( IFERROR( J29, TIMEVALUE(SUBSTITUTE(J29,CHAR(160),"")) ), 1 ) - TIME(11,0,0) ) -> 0 | L29: =IF(J29="","", IFERROR( HOUR(MIN(MOD(J29,1), TIME(11,0,0))) + MINUTE(MIN(MOD(J29,1), TIME(11,0,0)))/100, HOUR(MIN(MOD(TIMEVALUE(SUBSTITUTE(J29,CHAR(160),"")),1), TIME(11,0,0))) + MINUTE(MIN(MOD(TIMEVALUE(SUBSTITUTE(J29,CHAR(160),"")),1), TIME(11,0,0)))/100 ) ) -> 11 | M29: =IF(K29="","", IFERROR( HOUR(K29)+MINUTE(K29)/100, HOUR(TIMEVALUE(SUBSTITUTE(K29,CHAR(160),""))) +MINUTE(TIMEVALUE(SUBSTITUTE(K29,CHAR(160),"")))/100 ) ) -> 0
B30: 2 | C30: =VLOOKUP(B30,Employees!A:B,2,FALSE) -> Umesh Kumar | D30: 0.83333333 | G30: 0.33333333 | H30: =F30 - E30 -> 0 | I30: =G30 - D30 -> -0.5 | J30: =I30 - H30 -> -0.5 | K30: =MAX( 0, MOD( IFERROR( J30, TIMEVALUE(SUBSTITUTE(J30,CHAR(160),"")) ), 1 ) - TIME(11,0,0) ) -> 0.041666667 | L30: =IF(J30="","", IFERROR( HOUR(MIN(MOD(J30,1), TIME(11,0,0))) + MINUTE(MIN(MOD(J30,1), TIME(11,0,0)))/100, HOUR(MIN(MOD(TIMEVALUE(SUBSTITUTE(J30,CHAR(160),"")),1), TIME(11,0,0))) + MINUTE(MIN(MOD(TIMEVALUE(SUBSTITUTE(J30,CHAR(160),"")),1), TIME(11,0,0)))/100 ) ) -> 11 | M30: =IF(K30="","", IFERROR( HOUR(K30)+MINUTE(K30)/100, HOUR(TIMEVALUE(SUBSTITUTE(K30,CHAR(160),""))) +MINUTE(TIMEVALUE(SUBSTITUTE(K30,CHAR(160),"")))/100 ) ) -> 1
A31: 46036 | G31: Wednesday | L31: =IF(J31="","", IFERROR( HOUR(MIN(MOD(J31,1), TIME(11,0,0))) + MINUTE(MIN(MOD(J31,1), TIME(11,0,0)))/100, HOUR(MIN(MOD(TIMEVALUE(SUBSTITUTE(J31,CHAR(160),"")),1), TIME(11,0,0))) + MINUTE(MIN(MOD(TIMEVALUE(SUBSTITUTE(J31,CHAR(160),"")),1), TIME(11,0,0)))/100 ) ) | M31: =IF(K31="","", IFERROR( HOUR(K31)+MINUTE(K31)/100, HOUR(TIMEVALUE(SUBSTITUTE(K31,CHAR(160),""))) +MINUTE(TIMEVALUE(SUBSTITUTE(K31,CHAR(160),"")))/100 ) )
A32: 46037 | B32: 2 | C32: =VLOOKUP(B32,Employees!A:B,2,FALSE) -> Umesh Kumar | D32: 0.33333333 | E32: 0.54166667 | F32: 0.58333333 | G32: 0.91666667 | H32: =F32 - E32 -> 0.041666667 | I32: =G32 - D32 -> 0.58333333 | J32: =I32 - H32 -> 0.54166667 | K32: =MAX( 0, MOD( IFERROR( J32, TIMEVALUE(SUBSTITUTE(J32,CHAR(160),"")) ), 1 ) - TIME(11,0,0) ) -> 0.083333333 | L32: =IF(J32="","", IFERROR( HOUR(MIN(MOD(J32,1), TIME(11,0,0))) + MINUTE(MIN(MOD(J32,1), TIME(11,0,0)))/100, HOUR(MIN(MOD(TIMEVALUE(SUBSTITUTE(J32,CHAR(160),"")),1), TIME(11,0,0))) + MINUTE(MIN(MOD(TIMEVALUE(SUBSTITUTE(J32,CHAR(160),"")),1), TIME(11,0,0)))/100 ) ) -> 11 | M32: =IF(K32="","", IFERROR( HOUR(K32)+MINUTE(K32)/100, HOUR(TIMEVALUE(SUBSTITUTE(K32,CHAR(160),""))) +MINUTE(TIMEVALUE(SUBSTITUTE(K32,CHAR(160),"")))/100 ) ) -> 2
C33: =VLOOKUP(B33,Employees!A:B,2,FALSE) -> #N/A | H33: =F33 - E33 -> 0 | I33: =G33 - D33 -> 0 | J33: =I33 - H33 -> 0 | K33: =MAX( 0, MOD( IFERROR( J33, TIMEVALUE(SUBSTITUTE(J33,CHAR(160),"")) ), 1 ) - TIME(11,0,0) ) -> 0 | L33: =IF(J33="","", IFERROR( HOUR(MIN(MOD(J33,1), TIME(11,0,0))) + MINUTE(MIN(MOD(J33,1), TIME(11,0,0)))/100, HOUR(MIN(MOD(TIMEVALUE(SUBSTITUTE(J33,CHAR(160),"")),1), TIME(11,0,0))) + MINUTE(MIN(MOD(TIMEVALUE(SUBSTITUTE(J33,CHAR(160),"")),1), TIME(11,0,0)))/100 ) ) -> 0 | M33: =IF(K33="","", IFERROR( HOUR(K33)+MINUTE(K33)/100, HOUR(TIMEVALUE(SUBSTITUTE(K33,CHAR(160),""))) +MINUTE(TIMEVALUE(SUBSTITUTE(K33,CHAR(160),"")))/100 ) ) -> 0
A34: 46038 | B34: 2 | C34: =VLOOKUP(B34,Employees!A:B,2,FALSE) -> Umesh Kumar | D34: 0.33333333 | G34: 0.83333333 | H34: =F34 - E34 -> 0 | I34: =G34 - D34 -> 0.5 | J34: =I34 - H34 -> 0.5 | K34: =MAX( 0, MOD( IFERROR( J34, TIMEVALUE(SUBSTITUTE(J34,CHAR(160),"")) ), 1 ) - TIME(11,0,0) ) -> 0.041666667 | L34: =IF(J34="","", IFERROR( HOUR(MIN(MOD(J34,1), TIME(11,0,0))) + MINUTE(MIN(MOD(J34,1), TIME(11,0,0)))/100, HOUR(MIN(MOD(TIMEVALUE(SUBSTITUTE(J34,CHAR(160),"")),1), TIME(11,0,0))) + MINUTE(MIN(MOD(TIMEVALUE(SUBSTITUTE(J34,CHAR(160),"")),1), TIME(11,0,0)))/100 ) ) -> 11 | M34: =IF(K34="","", IFERROR( HOUR(K34)+MINUTE(K34)/100, HOUR(TIMEVALUE(SUBSTITUTE(K34,CHAR(160),""))) +MINUTE(TIMEVALUE(SUBSTITUTE(K34,CHAR(160),"")))/100 ) ) -> 1
B35: 2 | C35: =VLOOKUP(B35,Employees!A:B,2,FALSE) -> Umesh Kumar | D35: 0.83333333 | G35: 0.33333333 | H35: =F35 - E35 -> 0 | I35: =G35 - D35 -> -0.5 | J35: =I35 - H35 -> -0.5 | K35: =MAX( 0, MOD( IFERROR( J35, TIMEVALUE(SUBSTITUTE(J35,CHAR(160),"")) ), 1 ) - TIME(11,0,0) ) -> 0.041666667 | L35: =IF(J35="","", IFERROR( HOUR(MIN(MOD(J35,1), TIME(11,0,0))) + MINUTE(MIN(MOD(J35,1), TIME(11,0,0)))/100, HOUR(MIN(MOD(TIMEVALUE(SUBSTITUTE(J35,CHAR(160),"")),1), TIME(11,0,0))) + MINUTE(MIN(MOD(TIMEVALUE(SUBSTITUTE(J35,CHAR(160),"")),1), TIME(11,0,0)))/100 ) ) -> 11 | M35: =IF(K35="","", IFERROR( HOUR(K35)+MINUTE(K35)/100, HOUR(TIMEVALUE(SUBSTITUTE(K35,CHAR(160),""))) +MINUTE(TIMEVALUE(SUBSTITUTE(K35,CHAR(160),"")))/100 ) ) -> 1
A36: 46039 | B36: 1 | C36: =VLOOKUP(B36,Employees!A:B,2,FALSE) -> Rajat Hela | D36: 0.33333333 | E36: 0.54166667 | F36: 0.58333333 | G36: 0.83333333 | H36: =F36 - E36 -> 0.041666667 | I36: =G36 - D36 -> 0.5 | J36: =I36 - H36 -> 0.45833333 | K36: =MAX( 0, MOD( IFERROR( J36, TIMEVALUE(SUBSTITUTE(J36,CHAR(160),"")) ), 1 ) - TIME(11,0,0) ) -> 0 | L36: =IF(J36="","", IFERROR( HOUR(MIN(MOD(J36,1), TIME(11,0,0))) + MINUTE(MIN(MOD(J36,1), TIME(11,0,0)))/100, HOUR(MIN(MOD(TIMEVALUE(SUBSTITUTE(J36,CHAR(160),"")),1), TIME(11,0,0))) + MINUTE(MIN(MOD(TIMEVALUE(SUBSTITUTE(J36,CHAR(160),"")),1), TIME(11,0,0)))/100 ) ) -> 11 | M36: =IF(K36="","", IFERROR( HOUR(K36)+MINUTE(K36)/100, HOUR(TIMEVALUE(SUBSTITUTE(K36,CHAR(160),""))) +MINUTE(TIMEVALUE(SUBSTITUTE(K36,CHAR(160),"")))/100 ) ) -> 0
B37: 2 | C37: =VLOOKUP(B37,Employees!A:B,2,FALSE) -> Umesh Kumar | D37: 0.83333333 | G37: 0.33333333 | H37: =F37 - E37 -> 0 | I37: =G37 - D37 -> -0.5 | J37: =I37 - H37 -> -0.5 | K37: =MAX( 0, MOD( IFERROR( J37, TIMEVALUE(SUBSTITUTE(J37,CHAR(160),"")) ), 1 ) - TIME(11,0,0) ) -> 0.041666667 | L37: =IF(J37="","", IFERROR( HOUR(MIN(MOD(J37,1), TIME(11,0,0))) + MINUTE(MIN(MOD(J37,1), TIME(11,0,0)))/100, HOUR(MIN(MOD(TIMEVALUE(SUBSTITUTE(J37,CHAR(160),"")),1), TIME(11,0,0))) + MINUTE(MIN(MOD(TIMEVALUE(SUBSTITUTE(J37,CHAR(160),"")),1), TIME(11,0,0)))/100 ) ) -> 11 | M37: =IF(K37="","", IFERROR( HOUR(K37)+MINUTE(K37)/100, HOUR(TIMEVALUE(SUBSTITUTE(K37,CHAR(160),""))) +MINUTE(TIMEVALUE(SUBSTITUTE(K37,CHAR(160),"")))/100 ) ) -> 1
A38: 46040 | B38: 1 | C38: =VLOOKUP(B38,Employees!A:B,2,FALSE) -> Rajat Hela | D38: 0.33333333 | E38: 0.54166667 | F38: 0.58333333 | G38: 0.83333333 | H38: =F38 - E38 -> 0.041666667 | I38: =G38 - D38 -> 0.5 | J38: =I38 - H38 -> 0.45833333 | K38: =MAX( 0, MOD( IFERROR( J38, TIMEVALUE(SUBSTITUTE(J38,CHAR(160),"")) ), 1 ) - TIME(11,0,0) ) -> 0 | L38: =IF(J38="","", IFERROR( HOUR(MIN(MOD(J38,1), TIME(11,0,0))) + MINUTE(MIN(MOD(J38,1), TIME(11,0,0)))/100, HOUR(MIN(MOD(TIMEVALUE(SUBSTITUTE(J38,CHAR(160),"")),1), TIME(11,0,0))) + MINUTE(MIN(MOD(TIMEVALUE(SUBSTITUTE(J38,CHAR(160),"")),1), TIME(11,0,0)))/100 ) ) -> 11 | M38: =IF(K38="","", IFERROR( HOUR(K38)+MINUTE(K38)/100, HOUR(TIMEVALUE(SUBSTITUTE(K38,CHAR(160),""))) +MINUTE(TIMEVALUE(SUBSTITUTE(K38,CHAR(160),"")))/100 ) ) -> 0
B39: 2 | C39: =VLOOKUP(B39,Employees!A:B,2,FALSE) -> Umesh Kumar | D39: 0.83333333 | G39: 0.33333333 | H39: =F39 - E39 -> 0 | I39: =G39 - D39 -> -0.5 | J39: =I39 - H39 -> -0.5 | K39: =MAX( 0, MOD( IFERROR( J39, TIMEVALUE(SUBSTITUTE(J39,CHAR(160),"")) ), 1 ) - TIME(11,0,0) ) -> 0.041666667 | L39: =IF(J39="","", IFERROR( HOUR(MIN(MOD(J39,1), TIME(11,0,0))) + MINUTE(MIN(MOD(J39,1), TIME(11,0,0)))/100, HOUR(MIN(MOD(TIMEVALUE(SUBSTITUTE(J39,CHAR(160),"")),1), TIME(11,0,0))) + MINUTE(MIN(MOD(TIMEVALUE(SUBSTITUTE(J39,CHAR(160),"")),1), TIME(11,0,0)))/100 ) ) -> 11 | M39: =IF(K39="","", IFERROR( HOUR(K39)+MINUTE(K39)/100, HOUR(TIMEVALUE(SUBSTITUTE(K39,CHAR(160),""))) +MINUTE(TIMEVALUE(SUBSTITUTE(K39,CHAR(160),"")))/100 ) ) -> 1
A40: 46041 | B40: 1 | C40: =VLOOKUP(B40,Employees!A:B,2,FALSE) -> Rajat Hela | D40: 0.33333333 | E40: 0.54166667 | F40: 0.58333333 | G40: 0.83333333 | H40: =F40 - E40 -> 0.041666667 | I40: =G40 - D40 -> 0.5 | J40: =I40 - H40 -> 0.45833333 | K40: =MAX( 0, MOD( IFERROR( J40, TIMEVALUE(SUBSTITUTE(J40,CHAR(160),"")) ), 1 ) - TIME(11,0,0) ) -> 0 | L40: =IF(J40="","", IFERROR( HOUR(MIN(MOD(J40,1), TIME(11,0,0))) + MINUTE(MIN(MOD(J40,1), TIME(11,0,0)))/100, HOUR(MIN(MOD(TIMEVALUE(SUBSTITUTE(J40,CHAR(160),"")),1), TIME(11,0,0))) + MINUTE(MIN(MOD(TIMEVALUE(SUBSTITUTE(J40,CHAR(160),"")),1), TIME(11,0,0)))/100 ) ) -> 11 | M40: =IF(K40="","", IFERROR( HOUR(K40)+MINUTE(K40)/100, HOUR(TIMEVALUE(SUBSTITUTE(K40,CHAR(160),""))) +MINUTE(TIMEVALUE(SUBSTITUTE(K40,CHAR(160),"")))/100 ) ) -> 0
B41: 2 | C41: =VLOOKUP(B41,Employees!A:B,2,FALSE) -> Umesh Kumar | D41: 0.83333333 | G41: 0.33333333 | H41: =F41 - E41 -> 0 | I41: =G41 - D41 -> -0.5 | J41: =I41 - H41 -> -0.5 | K41: =MAX( 0, MOD( IFERROR( J41, TIMEVALUE(SUBSTITUTE(J41,CHAR(160),"")) ), 1 ) - TIME(11,0,0) ) -> 0.041666667 | L41: =IF(J41="","", IFERROR( HOUR(MIN(MOD(J41,1), TIME(11,0,0))) + MINUTE(MIN(MOD(J41,1), TIME(11,0,0)))/100, HOUR(MIN(MOD(TIMEVALUE(SUBSTITUTE(J41,CHAR(160),"")),1), TIME(11,0,0))) + MINUTE(MIN(MOD(TIMEVALUE(SUBSTITUTE(J41,CHAR(160),"")),1), TIME(11,0,0)))/100 ) ) -> 11 | M41: =IF(K41="","", IFERROR( HOUR(K41)+MINUTE(K41)/100, HOUR(TIMEVALUE(SUBSTITUTE(K41,CHAR(160),""))) +MINUTE(TIMEVALUE(SUBSTITUTE(K41,CHAR(160),"")))/100 ) ) -> 1
A42: 46042 | B42: 1 | C42: =VLOOKUP(B42,Employees!A:B,2,FALSE) -> Rajat Hela | D42: 0.33333333 | E42: 0.54166667 | F42: 0.58333333 | G42: 0.83333333 | H42: =F42 - E42 -> 0.041666667 | I42: =G42 - D42 -> 0.5 | J42: =I42 - H42 -> 0.45833333 | K42: =MAX( 0, MOD( IFERROR( J42, TIMEVALUE(SUBSTITUTE(J42,CHAR(160),"")) ), 1 ) - TIME(11,0,0) ) -> 0 | L42: =IF(J42="","", IFERROR( HOUR(MIN(MOD(J42,1), TIME(11,0,0))) + MINUTE(MIN(MOD(J42,1), TIME(11,0,0)))/100, HOUR(MIN(MOD(TIMEVALUE(SUBSTITUTE(J42,CHAR(160),"")),1), TIME(11,0,0))) + MINUTE(MIN(MOD(TIMEVALUE(SUBSTITUTE(J42,CHAR(160),"")),1), TIME(11,0,0)))/100 ) ) -> 11 | M42: =IF(K42="","", IFERROR( HOUR(K42)+MINUTE(K42)/100, HOUR(TIMEVALUE(SUBSTITUTE(K42,CHAR(160),""))) +MINUTE(TIMEVALUE(SUBSTITUTE(K42,CHAR(160),"")))/100 ) ) -> 0
B43: 2 | C43: =VLOOKUP(B43,Employees!A:B,2,FALSE) -> Umesh Kumar | D43: 0.83333333 | G43: 0.33333333 | H43: =F43 - E43 -> 0 | I43: =G43 - D43 -> -0.5 | J43: =I43 - H43 -> -0.5 | K43: =MAX( 0, MOD( IFERROR( J43, TIMEVALUE(SUBSTITUTE(J43,CHAR(160),"")) ), 1 ) - TIME(11,0,0) ) -> 0.041666667 | L43: =IF(J43="","", IFERROR( HOUR(MIN(MOD(J43,1), TIME(11,0,0))) + MINUTE(MIN(MOD(J43,1), TIME(11,0,0)))/100, HOUR(MIN(MOD(TIMEVALUE(SUBSTITUTE(J43,CHAR(160),"")),1), TIME(11,0,0))) + MINUTE(MIN(MOD(TIMEVALUE(SUBSTITUTE(J43,CHAR(160),"")),1), TIME(11,0,0)))/100 ) ) -> 11 | M43: =IF(K43="","", IFERROR( HOUR(K43)+MINUTE(K43)/100, HOUR(TIMEVALUE(SUBSTITUTE(K43,CHAR(160),""))) +MINUTE(TIMEVALUE(SUBSTITUTE(K43,CHAR(160),"")))/100 ) ) -> 1
A44: 46043 | G44: Wednesday | L44: =IF(J44="","", IFERROR( HOUR(MIN(MOD(J44,1), TIME(11,0,0))) + MINUTE(MIN(MOD(J44,1), TIME(11,0,0)))/100, HOUR(MIN(MOD(TIMEVALUE(SUBSTITUTE(J44,CHAR(160),"")),1), TIME(11,0,0))) + MINUTE(MIN(MOD(TIMEVALUE(SUBSTITUTE(J44,CHAR(160),"")),1), TIME(11,0,0)))/100 ) ) | M44: =IF(K44="","", IFERROR( HOUR(K44)+MINUTE(K44)/100, HOUR(TIMEVALUE(SUBSTITUTE(K44,CHAR(160),""))) +MINUTE(TIMEVALUE(SUBSTITUTE(K44,CHAR(160),"")))/100 ) )
L45: =IF(J45="","", IFERROR( HOUR(MIN(MOD(J45,1), TIME(11,0,0))) + MINUTE(MIN(MOD(J45,1), TIME(11,0,0)))/100, HOUR(MIN(MOD(TIMEVALUE(SUBSTITUTE(J45,CHAR(160),"")),1), TIME(11,0,0))) + MINUTE(MIN(MOD(TIMEVALUE(SUBSTITUTE(J45,CHAR(160),"")),1), TIME(11,0,0)))/100 ) ) | M45: =IF(K45="","", IFERROR( HOUR(K45)+MINUTE(K45)/100, HOUR(TIMEVALUE(SUBSTITUTE(K45,CHAR(160),""))) +MINUTE(TIMEVALUE(SUBSTITUTE(K45,CHAR(160),"")))/100 ) )
A46: 46044 | B46: 2 | C46: =VLOOKUP(B46,Employees!A:B,2,FALSE) -> Umesh Kumar | D46: 0.33333333 | E46: 0.54166667 | F46: 0.58333333 | G46: 0.83333333 | H46: =F46 - E46 -> 0.041666667 | I46: =G46 - D46 -> 0.5 | J46: =I46 - H46 -> 0.45833333 | K46: =MAX( 0, MOD( IFERROR( J46, TIMEVALUE(SUBSTITUTE(J46,CHAR(160),"")) ), 1 ) - TIME(11,0,0) ) -> 0 | L46: =IF(J46="","", IFERROR( HOUR(MIN(MOD(J46,1), TIME(11,0,0))) + MINUTE(MIN(MOD(J46,1), TIME(11,0,0)))/100, HOUR(MIN(MOD(TIMEVALUE(SUBSTITUTE(J46,CHAR(160),"")),1), TIME(11,0,0))) + MINUTE(MIN(MOD(TIMEVALUE(SUBSTITUTE(J46,CHAR(160),"")),1), TIME(11,0,0)))/100 ) ) -> 11 | M46: =IF(K46="","", IFERROR( HOUR(K46)+MINUTE(K46)/100, HOUR(TIMEVALUE(SUBSTITUTE(K46,CHAR(160),""))) +MINUTE(TIMEVALUE(SUBSTITUTE(K46,CHAR(160),"")))/100 ) ) -> 0
B47: 1 | C47: =VLOOKUP(B47,Employees!A:B,2,FALSE) -> Rajat Hela | D47: 0.83333333 | G47: 0.33333333 | H47: =F47 - E47 -> 0 | I47: =G47 - D47 -> -0.5 | J47: =I47 - H47 -> -0.5 | K47: =MAX( 0, MOD( IFERROR( J47, TIMEVALUE(SUBSTITUTE(J47,CHAR(160),"")) ), 1 ) - TIME(11,0,0) ) -> 0.041666667 | L47: =IF(J47="","", IFERROR( HOUR(MIN(MOD(J47,1), TIME(11,0,0))) + MINUTE(MIN(MOD(J47,1), TIME(11,0,0)))/100, HOUR(MIN(MOD(TIMEVALUE(SUBSTITUTE(J47,CHAR(160),"")),1), TIME(11,0,0))) + MINUTE(MIN(MOD(TIMEVALUE(SUBSTITUTE(J47,CHAR(160),"")),1), TIME(11,0,0)))/100 ) ) -> 11 | M47: =IF(K47="","", IFERROR( HOUR(K47)+MINUTE(K47)/100, HOUR(TIMEVALUE(SUBSTITUTE(K47,CHAR(160),""))) +MINUTE(TIMEVALUE(SUBSTITUTE(K47,CHAR(160),"")))/100 ) ) -> 1
A48: 46045 | B48: 2 | C48: =VLOOKUP(B48,Employees!A:B,2,FALSE) -> Umesh Kumar | D48: 0.33333333 | E48: 0.54166667 | F48: 0.58333333 | G48: 0.041666667 | H48: =F48 - E48 -> 0.041666667 | I48: =G48 - D48 -> -0.29166667 | J48: =I48 - H48 -> -0.33333333 | K48: =MAX( 0, MOD( IFERROR( J48, TIMEVALUE(SUBSTITUTE(J48,CHAR(160),"")) ), 1 ) - TIME(11,0,0) ) -> 0.20833333 | L48: =IF(J48="","", IFERROR( HOUR(MIN(MOD(J48,1), TIME(11,0,0))) + MINUTE(MIN(MOD(J48,1), TIME(11,0,0)))/100, HOUR(MIN(MOD(TIMEVALUE(SUBSTITUTE(J48,CHAR(160),"")),1), TIME(11,0,0))) + MINUTE(MIN(MOD(TIMEVALUE(SUBSTITUTE(J48,CHAR(160),"")),1), TIME(11,0,0)))/100 ) ) -> 11 | M48: =IF(K48="","", IFERROR( HOUR(K48)+MINUTE(K48)/100, HOUR(TIMEVALUE(SUBSTITUTE(K48,CHAR(160),""))) +MINUTE(TIMEVALUE(SUBSTITUTE(K48,CHAR(160),"")))/100 ) ) -> 5
B49: 1 | C49: =VLOOKUP(B49,Employees!A:B,2,FALSE) -> Rajat Hela | D49: 0.83333333 | G49: 0.33333333 | H49: =F49 - E49 -> 0 | I49: =G49 - D49 -> -0.5 | J49: =I49 - H49 -> -0.5 | K49: =MAX( 0, MOD( IFERROR( J49, TIMEVALUE(SUBSTITUTE(J49,CHAR(160),"")) ), 1 ) - TIME(11,0,0) ) -> 0.041666667 | L49: =IF(J49="","", IFERROR( HOUR(MIN(MOD(J49,1), TIME(11,0,0))) + MINUTE(MIN(MOD(J49,1), TIME(11,0,0)))/100, HOUR(MIN(MOD(TIMEVALUE(SUBSTITUTE(J49,CHAR(160),"")),1), TIME(11,0,0))) + MINUTE(MIN(MOD(TIMEVALUE(SUBSTITUTE(J49,CHAR(160),"")),1), TIME(11,0,0)))/100 ) ) -> 11 | M49: =IF(K49="","", IFERROR( HOUR(K49)+MINUTE(K49)/100, HOUR(TIMEVALUE(SUBSTITUTE(K49,CHAR(160),""))) +MINUTE(TIMEVALUE(SUBSTITUTE(K49,CHAR(160),"")))/100 ) ) -> 1
A50: 46046 | B50: 2 | C50: =VLOOKUP(B50,Employees!A:B,2,FALSE) -> Umesh Kumar | D50: 0.33333333 | E50: 0.54166667 | F50: 0.58333333 | G50: 0.83333333 | H50: =F50 - E50 -> 0.041666667 | I50: =G50 - D50 -> 0.5 | J50: =I50 - H50 -> 0.45833333 | K50: =MAX( 0, MOD( IFERROR( J50, TIMEVALUE(SUBSTITUTE(J50,CHAR(160),"")) ), 1 ) - TIME(11,0,0) ) -> 0 | L50: =IF(J50="","", IFERROR( HOUR(MIN(MOD(J50,1), TIME(11,0,0))) + MINUTE(MIN(MOD(J50,1), TIME(11,0,0)))/100, HOUR(MIN(MOD(TIMEVALUE(SUBSTITUTE(J50,CHAR(160),"")),1), TIME(11,0,0))) + MINUTE(MIN(MOD(TIMEVALUE(SUBSTITUTE(J50,CHAR(160),"")),1), TIME(11,0,0)))/100 ) ) -> 11 | M50: =IF(K50="","", IFERROR( HOUR(K50)+MINUTE(K50)/100, HOUR(TIMEVALUE(SUBSTITUTE(K50,CHAR(160),""))) +MINUTE(TIMEVALUE(SUBSTITUTE(K50,CHAR(160),"")))/100 ) ) -> 0
B51: 1 | C51: =VLOOKUP(B51,Employees!A:B,2,FALSE) -> Rajat Hela | D51: 0.83333333 | G51: 0.33333333 | H51: =F51 - E51 -> 0 | I51: =G51 - D51 -> -0.5 | J51: =I51 - H51 -> -0.5 | K51: =MAX( 0, MOD( IFERROR( J51, TIMEVALUE(SUBSTITUTE(J51,CHAR(160),"")) ), 1 ) - TIME(11,0,0) ) -> 0.041666667 | L51: =IF(J51="","", IFERROR( HOUR(MIN(MOD(J51,1), TIME(11,0,0))) + MINUTE(MIN(MOD(J51,1), TIME(11,0,0)))/100, HOUR(MIN(MOD(TIMEVALUE(SUBSTITUTE(J51,CHAR(160),"")),1), TIME(11,0,0))) + MINUTE(MIN(MOD(TIMEVALUE(SUBSTITUTE(J51,CHAR(160),"")),1), TIME(11,0,0)))/100 ) ) -> 11 | M51: =IF(K51="","", IFERROR( HOUR(K51)+MINUTE(K51)/100, HOUR(TIMEVALUE(SUBSTITUTE(K51,CHAR(160),""))) +MINUTE(TIMEVALUE(SUBSTITUTE(K51,CHAR(160),"")))/100 ) ) -> 1
A52: 46047 | B52: 2 | C52: =VLOOKUP(B52,Employees!A:B,2,FALSE) -> Umesh Kumar | D52: 0.33333333 | E52: 0.54166667 | F52: 0.58333333 | G52: 0.83333333 | H52: =F52 - E52 -> 0.041666667 | I52: =G52 - D52 -> 0.5 | J52: =I52 - H52 -> 0.45833333 | K52: =MAX( 0, MOD( IFERROR( J52, TIMEVALUE(SUBSTITUTE(J52,CHAR(160),"")) ), 1 ) - TIME(11,0,0) ) -> 0 | L52: =IF(J52="","", IFERROR( HOUR(MIN(MOD(J52,1), TIME(11,0,0))) + MINUTE(MIN(MOD(J52,1), TIME(11,0,0)))/100, HOUR(MIN(MOD(TIMEVALUE(SUBSTITUTE(J52,CHAR(160),"")),1), TIME(11,0,0))) + MINUTE(MIN(MOD(TIMEVALUE(SUBSTITUTE(J52,CHAR(160),"")),1), TIME(11,0,0)))/100 ) ) -> 11 | M52: =IF(K52="","", IFERROR( HOUR(K52)+MINUTE(K52)/100, HOUR(TIMEVALUE(SUBSTITUTE(K52,CHAR(160),""))) +MINUTE(TIMEVALUE(SUBSTITUTE(K52,CHAR(160),"")))/100 ) ) -> 0
B53: 1 | C53: =VLOOKUP(B53,Employees!A:B,2,FALSE) -> Rajat Hela | D53: 0.83333333 | G53: 0.33333333 | H53: =F53 - E53 -> 0 | I53: =G53 - D53 -> -0.5 | J53: =I53 - H53 -> -0.5 | K53: =MAX( 0, MOD( IFERROR( J53, TIMEVALUE(SUBSTITUTE(J53,CHAR(160),"")) ), 1 ) - TIME(11,0,0) ) -> 0.041666667 | L53: =IF(J53="","", IFERROR( HOUR(MIN(MOD(J53,1), TIME(11,0,0))) + MINUTE(MIN(MOD(J53,1), TIME(11,0,0)))/100, HOUR(MIN(MOD(TIMEVALUE(SUBSTITUTE(J53,CHAR(160),"")),1), TIME(11,0,0))) + MINUTE(MIN(MOD(TIMEVALUE(SUBSTITUTE(J53,CHAR(160),"")),1), TIME(11,0,0)))/100 ) ) -> 11 | M53: =IF(K53="","", IFERROR( HOUR(K53)+MINUTE(K53)/100, HOUR(TIMEVALUE(SUBSTITUTE(K53,CHAR(160),""))) +MINUTE(TIMEVALUE(SUBSTITUTE(K53,CHAR(160),"")))/100 ) ) -> 1
A54: 46048 | B54: 2 | C54: =VLOOKUP(B54,Employees!A:B,2,FALSE) -> Umesh Kumar | D54: 0.33333333 | E54: 0.54166667 | F54: 0.58333333 | G54: 0.83333333 | H54: =F54 - E54 -> 0.041666667 | I54: =G54 - D54 -> 0.5 | J54: =I54 - H54 -> 0.45833333 | K54: =MAX( 0, MOD( IFERROR( J54, TIMEVALUE(SUBSTITUTE(J54,CHAR(160),"")) ), 1 ) - TIME(11,0,0) ) -> 0 | L54: =IF(J54="","", IFERROR( HOUR(MIN(MOD(J54,1), TIME(11,0,0))) + MINUTE(MIN(MOD(J54,1), TIME(11,0,0)))/100, HOUR(MIN(MOD(TIMEVALUE(SUBSTITUTE(J54,CHAR(160),"")),1), TIME(11,0,0))) + MINUTE(MIN(MOD(TIMEVALUE(SUBSTITUTE(J54,CHAR(160),"")),1), TIME(11,0,0)))/100 ) ) -> 11 | M54: =IF(K54="","", IFERROR( HOUR(K54)+MINUTE(K54)/100, HOUR(TIMEVALUE(SUBSTITUTE(K54,CHAR(160),""))) +MINUTE(TIMEVALUE(SUBSTITUTE(K54,CHAR(160),"")))/100 ) ) -> 0
B55: 1 | C55: =VLOOKUP(B55,Employees!A:B,2,FALSE) -> Rajat Hela | D55: 0.83333333 | G55: 0.33333333 | H55: =F55 - E55 -> 0 | I55: =G55 - D55 -> -0.5 | J55: =I55 - H55 -> -0.5 | K55: =MAX( 0, MOD( IFERROR( J55, TIMEVALUE(SUBSTITUTE(J55,CHAR(160),"")) ), 1 ) - TIME(11,0,0) ) -> 0.041666667 | L55: =IF(J55="","", IFERROR( HOUR(MIN(MOD(J55,1), TIME(11,0,0))) + MINUTE(MIN(MOD(J55,1), TIME(11,0,0)))/100, HOUR(MIN(MOD(TIMEVALUE(SUBSTITUTE(J55,CHAR(160),"")),1), TIME(11,0,0))) + MINUTE(MIN(MOD(TIMEVALUE(SUBSTITUTE(J55,CHAR(160),"")),1), TIME(11,0,0)))/100 ) ) -> 11 | M55: =IF(K55="","", IFERROR( HOUR(K55)+MINUTE(K55)/100, HOUR(TIMEVALUE(SUBSTITUTE(K55,CHAR(160),""))) +MINUTE(TIMEVALUE(SUBSTITUTE(K55,CHAR(160),"")))/100 ) ) -> 1
A56: 46049 | B56: 2 | C56: =VLOOKUP(B56,Employees!A:B,2,FALSE) -> Umesh Kumar | D56: 0.33333333 | E56: 0.54166667 | F56: 0.58333333 | G56: 0.83333333 | H56: =F56 - E56 -> 0.041666667 | I56: =G56 - D56 -> 0.5 | J56: =I56 - H56 -> 0.45833333 | K56: =MAX( 0, MOD( IFERROR( J56, TIMEVALUE(SUBSTITUTE(J56,CHAR(160),"")) ), 1 ) - TIME(11,0,0) ) -> 0 | L56: =IF(J56="","", IFERROR( HOUR(MIN(MOD(J56,1), TIME(11,0,0))) + MINUTE(MIN(MOD(J56,1), TIME(11,0,0)))/100, HOUR(MIN(MOD(TIMEVALUE(SUBSTITUTE(J56,CHAR(160),"")),1), TIME(11,0,0))) + MINUTE(MIN(MOD(TIMEVALUE(SUBSTITUTE(J56,CHAR(160),"")),1), TIME(11,0,0)))/100 ) ) -> 11 | M56: =IF(K56="","", IFERROR( HOUR(K56)+MINUTE(K56)/100, HOUR(TIMEVALUE(SUBSTITUTE(K56,CHAR(160),""))) +MINUTE(TIMEVALUE(SUBSTITUTE(K56,CHAR(160),"")))/100 ) ) -> 0
B57: 1 | C57: =VLOOKUP(B57,Employees!A:B,2,FALSE) -> Rajat Hela | D57: 0.83333333 | G57: 0.33333333 | H57: =F57 - E57 -> 0 | I57: =G57 - D57 -> -0.5 | J57: =I57 - H57 -> -0.5 | K57: =MAX( 0, MOD( IFERROR( J57, TIMEVALUE(SUBSTITUTE(J57,CHAR(160),"")) ), 1 ) - TIME(11,0,0) ) -> 0.041666667 | L57: =IF(J57="","", IFERROR( HOUR(MIN(MOD(J57,1), TIME(11,0,0))) + MINUTE(MIN(MOD(J57,1), TIME(11,0,0)))/100, HOUR(MIN(MOD(TIMEVALUE(SUBSTITUTE(J57,CHAR(160),"")),1), TIME(11,0,0))) + MINUTE(MIN(MOD(TIMEVALUE(SUBSTITUTE(J57,CHAR(160),"")),1), TIME(11,0,0)))/100 ) ) -> 11 | M57: =IF(K57="","", IFERROR( HOUR(K57)+MINUTE(K57)/100, HOUR(TIMEVALUE(SUBSTITUTE(K57,CHAR(160),""))) +MINUTE(TIMEVALUE(SUBSTITUTE(K57,CHAR(160),"")))/100 ) ) -> 1
A58: 46050 | B58: 2 | C58: =VLOOKUP(B58,Employees!A:B,2,FALSE) -> Umesh Kumar | D58: 0.33333333 | E58: 0.54166667 | F58: 0.58333333 | G58: 0.72916667 | H58: =F58 - E58 -> 0.041666667 | I58: =G58 - D58 -> 0.39583333 | J58: =I58 - H58 -> 0.35416667 | K58: =MAX( 0, MOD( IFERROR( J58, TIMEVALUE(SUBSTITUTE(J58,CHAR(160),"")) ), 1 ) - TIME(11,0,0) ) -> 0 | L58: =IF(J58="","", IFERROR( HOUR(MIN(MOD(J58,1), TIME(11,0,0))) + MINUTE(MIN(MOD(J58,1), TIME(11,0,0)))/100, HOUR(MIN(MOD(TIMEVALUE(SUBSTITUTE(J58,CHAR(160),"")),1), TIME(11,0,0))) + MINUTE(MIN(MOD(TIMEVALUE(SUBSTITUTE(J58,CHAR(160),"")),1), TIME(11,0,0)))/100 ) ) -> 8.3 | M58: =IF(K58="","", IFERROR( HOUR(K58)+MINUTE(K58)/100, HOUR(TIMEVALUE(SUBSTITUTE(K58,CHAR(160),""))) +MINUTE(TIMEVALUE(SUBSTITUTE(K58,CHAR(160),"")))/100 ) ) -> 0
A59: 46051 | B59: 1 | C59: =VLOOKUP(B59,Employees!A:B,2,FALSE) -> Rajat Hela | D59: 0.33333333 | E59: 0.54166667 | F59: 0.58333333 | G59: 0.75 | H59: =F59 - E59 -> 0.041666667 | I59: =G59 - D59 -> 0.41666667 | J59: =I59 - H59 -> 0.375 | K59: =MAX( 0, MOD( IFERROR( J59, TIMEVALUE(SUBSTITUTE(J59,CHAR(160),"")) ), 1 ) - TIME(11,0,0) ) -> 0 | L59: =IF(J59="","", IFERROR( HOUR(MIN(MOD(J59,1), TIME(11,0,0))) + MINUTE(MIN(MOD(J59,1), TIME(11,0,0)))/100, HOUR(MIN(MOD(TIMEVALUE(SUBSTITUTE(J59,CHAR(160),"")),1), TIME(11,0,0))) + MINUTE(MIN(MOD(TIMEVALUE(SUBSTITUTE(J59,CHAR(160),"")),1), TIME(11,0,0)))/100 ) ) -> 9 | M59: =IF(K59="","", IFERROR( HOUR(K59)+MINUTE(K59)/100, HOUR(TIMEVALUE(SUBSTITUTE(K59,CHAR(160),""))) +MINUTE(TIMEVALUE(SUBSTITUTE(K59,CHAR(160),"")))/100 ) ) -> 0
B60: 2 | C60: =VLOOKUP(B60,Employees!A:B,2,FALSE) -> Umesh Kumar | D60: 0.83333333 | G60: 0.33333333 | H60: =F60 - E60 -> 0 | I60: =G60 - D60 -> -0.5 | J60: =I60 - H60 -> -0.5 | K60: =MAX( 0, MOD( IFERROR( J60, TIMEVALUE(SUBSTITUTE(J60,CHAR(160),"")) ), 1 ) - TIME(11,0,0) ) -> 0.041666667 | L60: =IF(J60="","", IFERROR( HOUR(MIN(MOD(J60,1), TIME(11,0,0))) + MINUTE(MIN(MOD(J60,1), TIME(11,0,0)))/100, HOUR(MIN(MOD(TIMEVALUE(SUBSTITUTE(J60,CHAR(160),"")),1), TIME(11,0,0))) + MINUTE(MIN(MOD(TIMEVALUE(SUBSTITUTE(J60,CHAR(160),"")),1), TIME(11,0,0)))/100 ) ) -> 11 | M60: =IF(K60="","", IFERROR( HOUR(K60)+MINUTE(K60)/100, HOUR(TIMEVALUE(SUBSTITUTE(K60,CHAR(160),""))) +MINUTE(TIMEVALUE(SUBSTITUTE(K60,CHAR(160),"")))/100 ) ) -> 1
A61: 46052 | B61: 1 | C61: =VLOOKUP(B61,Employees!A:B,2,FALSE) -> Rajat Hela | D61: 0.33333333 | E61: 0.54166667 | F61: 0.58333333 | G61: 0.83333333 | H61: =F61 - E61 -> 0.041666667 | I61: =G61 - D61 -> 0.5 | J61: =I61 - H61 -> 0.45833333 | K61: =MAX( 0, MOD( IFERROR( J61, TIMEVALUE(SUBSTITUTE(J61,CHAR(160),"")) ), 1 ) - TIME(11,0,0) ) -> 0 | L61: =IF(J61="","", IFERROR( HOUR(MIN(MOD(J61,1), TIME(11,0,0))) + MINUTE(MIN(MOD(J61,1), TIME(11,0,0)))/100, HOUR(MIN(MOD(TIMEVALUE(SUBSTITUTE(J61,CHAR(160),"")),1), TIME(11,0,0))) + MINUTE(MIN(MOD(TIMEVALUE(SUBSTITUTE(J61,CHAR(160),"")),1), TIME(11,0,0)))/100 ) ) -> 11 | M61: =IF(K61="","", IFERROR( HOUR(K61)+MINUTE(K61)/100, HOUR(TIMEVALUE(SUBSTITUTE(K61,CHAR(160),""))) +MINUTE(TIMEVALUE(SUBSTITUTE(K61,CHAR(160),"")))/100 ) ) -> 0
B62: 2 | C62: =VLOOKUP(B62,Employees!A:B,2,FALSE) -> Umesh Kumar | D62: 0.83333333 | G62: 0.33333333 | H62: =F62 - E62 -> 0 | I62: =G62 - D62 -> -0.5 | J62: =I62 - H62 -> -0.5 | K62: =MAX( 0, MOD( IFERROR( J62, TIMEVALUE(SUBSTITUTE(J62,CHAR(160),"")) ), 1 ) - TIME(11,0,0) ) -> 0.041666667 | L62: =IF(J62="","", IFERROR( HOUR(MIN(MOD(J62,1), TIME(11,0,0))) + MINUTE(MIN(MOD(J62,1), TIME(11,0,0)))/100, HOUR(MIN(MOD(TIMEVALUE(SUBSTITUTE(J62,CHAR(160),"")),1), TIME(11,0,0))) + MINUTE(MIN(MOD(TIMEVALUE(SUBSTITUTE(J62,CHAR(160),"")),1), TIME(11,0,0)))/100 ) ) -> 11 | M62: =IF(K62="","", IFERROR( HOUR(K62)+MINUTE(K62)/100, HOUR(TIMEVALUE(SUBSTITUTE(K62,CHAR(160),""))) +MINUTE(TIMEVALUE(SUBSTITUTE(K62,CHAR(160),"")))/100 ) ) -> 1
A63: 46053 | B63: 1 | C63: =VLOOKUP(B63,Employees!A:B,2,FALSE) -> Rajat Hela | D63: 0.33333333 | E63: 0.54166667 | F63: 0.58333333 | G63: 0.83333333 | H63: =F63 - E63 -> 0.041666667 | I63: =G63 - D63 -> 0.5 | J63: =I63 - H63 -> 0.45833333 | K63: =MAX( 0, MOD( IFERROR( J63, TIMEVALUE(SUBSTITUTE(J63,CHAR(160),"")) ), 1 ) - TIME(11,0,0) ) -> 0 | L63: =IF(J63="","", IFERROR( HOUR(MIN(MOD(J63,1), TIME(11,0,0))) + MINUTE(MIN(MOD(J63,1), TIME(11,0,0)))/100, HOUR(MIN(MOD(TIMEVALUE(SUBSTITUTE(J63,CHAR(160),"")),1), TIME(11,0,0))) + MINUTE(MIN(MOD(TIMEVALUE(SUBSTITUTE(J63,CHAR(160),"")),1), TIME(11,0,0)))/100 ) ) -> 11 | M63: =IF(K63="","", IFERROR( HOUR(K63)+MINUTE(K63)/100, HOUR(TIMEVALUE(SUBSTITUTE(K63,CHAR(160),""))) +MINUTE(TIMEVALUE(SUBSTITUTE(K63,CHAR(160),"")))/100 ) ) -> 0
B64: 2 | C64: =VLOOKUP(B64,Employees!A:B,2,FALSE) -> Umesh Kumar | D64: 0.83333333 | G64: 0.33333333 | H64: =F64 - E64 -> 0 | I64: =G64 - D64 -> -0.5 | J64: =I64 - H64 -> -0.5 | K64: =MAX( 0, MOD( IFERROR( J64, TIMEVALUE(SUBSTITUTE(J64,CHAR(160),"")) ), 1 ) - TIME(11,0,0) ) -> 0.041666667 | L64: =IF(J64="","", IFERROR( HOUR(MIN(MOD(J64,1), TIME(11,0,0))) + MINUTE(MIN(MOD(J64,1), TIME(11,0,0)))/100, HOUR(MIN(MOD(TIMEVALUE(SUBSTITUTE(J64,CHAR(160),"")),1), TIME(11,0,0))) + MINUTE(MIN(MOD(TIMEVALUE(SUBSTITUTE(J64,CHAR(160),"")),1), TIME(11,0,0)))/100 ) ) -> 11 | M64: =IF(K64="","", IFERROR( HOUR(K64)+MINUTE(K64)/100, HOUR(TIMEVALUE(SUBSTITUTE(K64,CHAR(160),""))) +MINUTE(TIMEVALUE(SUBSTITUTE(K64,CHAR(160),"")))/100 ) ) -> 1
L65: =IF(J65="","", IFERROR( HOUR(MIN(MOD(J65,1), TIME(11,0,0))) + MINUTE(MIN(MOD(J65,1), TIME(11,0,0)))/100, HOUR(MIN(MOD(TIMEVALUE(SUBSTITUTE(J65,CHAR(160),"")),1), TIME(11,0,0))) + MINUTE(MIN(MOD(TIMEVALUE(SUBSTITUTE(J65,CHAR(160),"")),1), TIME(11,0,0)))/100 ) ) | M65: =IF(K65="","", IFERROR( HOUR(K65)+MINUTE(K65)/100, HOUR(TIMEVALUE(SUBSTITUTE(K65,CHAR(160),""))) +MINUTE(TIMEVALUE(SUBSTITUTE(K65,CHAR(160),"")))/100 ) )
L66: =IF(J66="","", IFERROR( HOUR(MIN(MOD(J66,1), TIME(11,0,0))) + MINUTE(MIN(MOD(J66,1), TIME(11,0,0)))/100, HOUR(MIN(MOD(TIMEVALUE(SUBSTITUTE(J66,CHAR(160),"")),1), TIME(11,0,0))) + MINUTE(MIN(MOD(TIMEVALUE(SUBSTITUTE(J66,CHAR(160),"")),1), TIME(11,0,0)))/100 ) ) | M66: =IF(K66="","", IFERROR( HOUR(K66)+MINUTE(K66)/100, HOUR(TIMEVALUE(SUBSTITUTE(K66,CHAR(160),""))) +MINUTE(TIMEVALUE(SUBSTITUTE(K66,CHAR(160),"")))/100 ) )
L67: =IF(J67="","", IFERROR( HOUR(MIN(MOD(J67,1), TIME(11,0,0))) + MINUTE(MIN(MOD(J67,1), TIME(11,0,0)))/100, HOUR(MIN(MOD(TIMEVALUE(SUBSTITUTE(J67,CHAR(160),"")),1), TIME(11,0,0))) + MINUTE(MIN(MOD(TIMEVALUE(SUBSTITUTE(J67,CHAR(160),"")),1), TIME(11,0,0)))/100 ) ) | M67: =IF(K67="","", IFERROR( HOUR(K67)+MINUTE(K67)/100, HOUR(TIMEVALUE(SUBSTITUTE(K67,CHAR(160),""))) +MINUTE(TIMEVALUE(SUBSTITUTE(K67,CHAR(160),"")))/100 ) )
L68: =IF(J68="","", IFERROR( HOUR(MIN(MOD(J68,1), TIME(11,0,0))) + MINUTE(MIN(MOD(J68,1), TIME(11,0,0)))/100, HOUR(MIN(MOD(TIMEVALUE(SUBSTITUTE(J68,CHAR(160),"")),1), TIME(11,0,0))) + MINUTE(MIN(MOD(TIMEVALUE(SUBSTITUTE(J68,CHAR(160),"")),1), TIME(11,0,0)))/100 ) ) | M68: =IF(K68="","", IFERROR( HOUR(K68)+MINUTE(K68)/100, HOUR(TIMEVALUE(SUBSTITUTE(K68,CHAR(160),""))) +MINUTE(TIMEVALUE(SUBSTITUTE(K68,CHAR(160),"")))/100 ) )
L69: =IF(J69="","", IFERROR( HOUR(MIN(MOD(J69,1), TIME(11,0,0))) + MINUTE(MIN(MOD(J69,1), TIME(11,0,0)))/100, HOUR(MIN(MOD(TIMEVALUE(SUBSTITUTE(J69,CHAR(160),"")),1), TIME(11,0,0))) + MINUTE(MIN(MOD(TIMEVALUE(SUBSTITUTE(J69,CHAR(160),"")),1), TIME(11,0,0)))/100 ) ) | M69: =IF(K69="","", IFERROR( HOUR(K69)+MINUTE(K69)/100, HOUR(TIMEVALUE(SUBSTITUTE(K69,CHAR(160),""))) +MINUTE(TIMEVALUE(SUBSTITUTE(K69,CHAR(160),"")))/100 ) )
L70: =IF(J70="","", IFERROR( HOUR(MIN(MOD(J70,1), TIME(11,0,0))) + MINUTE(MIN(MOD(J70,1), TIME(11,0,0)))/100, HOUR(MIN(MOD(TIMEVALUE(SUBSTITUTE(J70,CHAR(160),"")),1), TIME(11,0,0))) + MINUTE(MIN(MOD(TIMEVALUE(SUBSTITUTE(J70,CHAR(160),"")),1), TIME(11,0,0)))/100 ) ) | M70: =IF(K70="","", IFERROR( HOUR(K70)+MINUTE(K70)/100, HOUR(TIMEVALUE(SUBSTITUTE(K70,CHAR(160),""))) +MINUTE(TIMEVALUE(SUBSTITUTE(K70,CHAR(160),"")))/100 ) )
L71: =IF(J71="","", IFERROR( HOUR(MIN(MOD(J71,1), TIME(11,0,0))) + MINUTE(MIN(MOD(J71,1), TIME(11,0,0)))/100, HOUR(MIN(MOD(TIMEVALUE(SUBSTITUTE(J71,CHAR(160),"")),1), TIME(11,0,0))) + MINUTE(MIN(MOD(TIMEVALUE(SUBSTITUTE(J71,CHAR(160),"")),1), TIME(11,0,0)))/100 ) ) | M71: =IF(K71="","", IFERROR( HOUR(K71)+MINUTE(K71)/100, HOUR(TIMEVALUE(SUBSTITUTE(K71,CHAR(160),""))) +MINUTE(TIMEVALUE(SUBSTITUTE(K71,CHAR(160),"")))/100 ) )
L72: =IF(J72="","", IFERROR( HOUR(MIN(MOD(J72,1), TIME(11,0,0))) + MINUTE(MIN(MOD(J72,1), TIME(11,0,0)))/100, HOUR(MIN(MOD(TIMEVALUE(SUBSTITUTE(J72,CHAR(160),"")),1), TIME(11,0,0))) + MINUTE(MIN(MOD(TIMEVALUE(SUBSTITUTE(J72,CHAR(160),"")),1), TIME(11,0,0)))/100 ) ) | M72: =IF(K72="","", IFERROR( HOUR(K72)+MINUTE(K72)/100, HOUR(TIMEVALUE(SUBSTITUTE(K72,CHAR(160),""))) +MINUTE(TIMEVALUE(SUBSTITUTE(K72,CHAR(160),"")))/100 ) )
L73: =IF(J73="","", IFERROR( HOUR(MIN(MOD(J73,1), TIME(11,0,0))) + MINUTE(MIN(MOD(J73,1), TIME(11,0,0)))/100, HOUR(MIN(MOD(TIMEVALUE(SUBSTITUTE(J73,CHAR(160),"")),1), TIME(11,0,0))) + MINUTE(MIN(MOD(TIMEVALUE(SUBSTITUTE(J73,CHAR(160),"")),1), TIME(11,0,0)))/100 ) ) | M73: =IF(K73="","", IFERROR( HOUR(K73)+MINUTE(K73)/100, HOUR(TIMEVALUE(SUBSTITUTE(K73,CHAR(160),""))) +MINUTE(TIMEVALUE(SUBSTITUTE(K73,CHAR(160),"")))/100 ) )
L74: =IF(J74="","", IFERROR( HOUR(MIN(MOD(J74,1), TIME(11,0,0))) + MINUTE(MIN(MOD(J74,1), TIME(11,0,0)))/100, HOUR(MIN(MOD(TIMEVALUE(SUBSTITUTE(J74,CHAR(160),"")),1), TIME(11,0,0))) + MINUTE(MIN(MOD(TIMEVALUE(SUBSTITUTE(J74,CHAR(160),"")),1), TIME(11,0,0)))/100 ) ) | M74: =IF(K74="","", IFERROR( HOUR(K74)+MINUTE(K74)/100, HOUR(TIMEVALUE(SUBSTITUTE(K74,CHAR(160),""))) +MINUTE(TIMEVALUE(SUBSTITUTE(K74,CHAR(160),"")))/100 ) )
L75: =IF(J75="","", IFERROR( HOUR(MIN(MOD(J75,1), TIME(11,0,0))) + MINUTE(MIN(MOD(J75,1), TIME(11,0,0)))/100, HOUR(MIN(MOD(TIMEVALUE(SUBSTITUTE(J75,CHAR(160),"")),1), TIME(11,0,0))) + MINUTE(MIN(MOD(TIMEVALUE(SUBSTITUTE(J75,CHAR(160),"")),1), TIME(11,0,0)))/100 ) ) | M75: =IF(K75="","", IFERROR( HOUR(K75)+MINUTE(K75)/100, HOUR(TIMEVALUE(SUBSTITUTE(K75,CHAR(160),""))) +MINUTE(TIMEVALUE(SUBSTITUTE(K75,CHAR(160),"")))/100 ) )
L76: =IF(J76="","", IFERROR( HOUR(MIN(MOD(J76,1), TIME(11,0,0))) + MINUTE(MIN(MOD(J76,1), TIME(11,0,0)))/100, HOUR(MIN(MOD(TIMEVALUE(SUBSTITUTE(J76,CHAR(160),"")),1), TIME(11,0,0))) + MINUTE(MIN(MOD(TIMEVALUE(SUBSTITUTE(J76,CHAR(160),"")),1), TIME(11,0,0)))/100 ) ) | M76: =IF(K76="","", IFERROR( HOUR(K76)+MINUTE(K76)/100, HOUR(TIMEVALUE(SUBSTITUTE(K76,CHAR(160),""))) +MINUTE(TIMEVALUE(SUBSTITUTE(K76,CHAR(160),"")))/100 ) )
... L82: =IF(J82="","", IFERROR( HOUR(MIN(MOD(J82,1), TIME(11,0,0))) + MINUTE(MIN(MOD(J82,1), TIME(11,0,0)))/100, HOUR(MIN(MOD(TIMEVALUE(SUBSTITUTE(J82,CHAR(160),"")),1), TIME(11,0,0))) + MINUTE(MIN(MOD(TIMEVALUE(SUBSTITUTE(J82,CHAR(160),"")),1), TIME(11,0,0)))/100 ) ) | M82: =IF(K82="","", IFERROR( HOUR(K82)+MINUTE(K82)/100, HOUR(TIMEVALUE(SUBSTITUTE(K82,CHAR(160),""))) +MINUTE(TIMEVALUE(SUBSTITUTE(K82,CHAR(160),"")))/100 ) )

Sheet 02-2026
A1: 46054
A5: Emp ID | B5: Employee Name | C5: Contact | D5: Department | E5: Designation | F5: Basic Salary | G5: Per Day Salary | H5: Per Hour Salary | I5: Total Hours | J5: Total OT (hrs) | K5: Salary Earned
A6: 1 | B6: =VLOOKUP(A6,Employees!A:B,2,FALSE) -> Rajat Hela | C6: =VLOOKUP(A6,Employees!A:C,3,FALSE) -> 9023270731 | D6: =VLOOKUP(A6,Employees!A:D,4,FALSE) -> Production | E6: =VLOOKUP(A6,Employees!A:E,5,FALSE) -> CNC Machine Operator | F6: =VLOOKUP(A6,Employees!A:F,6,FALSE) -> 17000 | G6: =VLOOKUP(A6,Employees!A:G,7,FALSE) -> 653.84615 | H6: =VLOOKUP(A6,Employees!A:H,8,FALSE) -> 59.440559 | I6: =SUMIFS('02-2026'!$L$10:$L$306, '02-2026'!$B$10:$B$306, $A6) -> 263.3 | J6: =SUMIFS('02-2026'!$M$10:$M$306, '02-2026'!$B$10:$B$306, $A6) -> 13 | K6: =('02-2026'!$I6+'02-2026'!$J6)*'02-2026'!$H6 -> 16423.427
A7: 2 | B7: =VLOOKUP(A7,Employees!A:B,2,FALSE) -> Umesh Kumar | C7: =VLOOKUP(A7,Employees!A:C,3,FALSE) | D7: =VLOOKUP(A7,Employees!A:D,4,FALSE) -> Production | E7: =VLOOKUP(A7,Employees!A:E,5,FALSE) -> CNC Machine Operator | F7: 18000 | G7: =VLOOKUP(A7,Employees!A:G,7,FALSE) -> 692.30769 | H7: =VLOOKUP(A7,Employees!A:H,8,FALSE) -> 62.937063 | I7: =SUMIFS('02-2026'!$L$10:$L$306, '02-2026'!$B$10:$B$306, $A7) -> 275.3 | J7: =SUMIFS('02-2026'!$M$10:$M$306, '02-2026'!$B$10:$B$306, $A7) -> 12 | K7: =('02-2026'!$I7+'02-2026'!$J7)*'02-2026'!$H7 -> 18081.818
A9: Date | B9: Employee ID | C9: Employee Name | D9: Check-In | E9: Break Start | F9: Break End | G9: Check-Out | H9: Total Break (hrs) | I9: Total Working (hrs) | J9: Net Working (hrs) | K9: Over Time (hrs) | L9: NW (For Calc) | M9: Ot (For Calc)
L10: =IF(J10="","", IFERROR( HOUR(J10)+MINUTE(J10)/100, HOUR(TIMEVALUE(SUBSTITUTE(J10,CHAR(160),""))) +MINUTE(TIMEVALUE(SUBSTITUTE(J10,CHAR(160),"")))/100 ) ) | M10: =IF(K10="","", IFERROR( HOUR(K10)+MINUTE(K10)/100, HOUR(TIMEVALUE(SUBSTITUTE(K10,CHAR(160),""))) +MINUTE(TIMEVALUE(SUBSTITUTE(K10,CHAR(160),"")))/100 ) )
A11: 46054 | B11: 1 | C11: =VLOOKUP(B11,Employees!A:B,2,FALSE) -> Rajat Hela | D11: 0.33333333 | E11: 0.54166667 | F11: 0.58333333 | G11: 0.83333333 | H11: =F11 - E11 -> 0.041666667 | I11: =G11 - D11 -> 0.5 | J11: =I11 - H11 -> 0.45833333 | K11: =MAX( 0, MOD( IFERROR( J11, TIMEVALUE(SUBSTITUTE(J11,CHAR(160),"")) ), 1 ) - TIME(11,0,0) ) -> 0 | L11: =IF(J11="","", IFERROR( HOUR(MIN(MOD(J11,1), TIME(11,0,0))) + MINUTE(MIN(MOD(J11,1), TIME(11,0,0)))/100, HOUR(MIN(MOD(TIMEVALUE(SUBSTITUTE(J11,CHAR(160),"")),1), TIME(11,0,0))) + MINUTE(MIN(MOD(TIMEVALUE(SUBSTITUTE(J11,CHAR(160),"")),1), TIME(11,0,0)))/100 ) ) -> 11 | M11: =IF(K11="","", IFERROR( HOUR(K11)+MINUTE(K11)/100, HOUR(TIMEVALUE(SUBSTITUTE(K11,CHAR(160),""))) +MINUTE(TIMEVALUE(SUBSTITUTE(K11,CHAR(160),"")))/100 ) ) -> 0
B12: 2 | C12: =VLOOKUP(B12,Employees!A:B,2,FALSE) -> Umesh Kumar | D12: 0.83333333 | G12: 0.33333333 | H12: =F12 - E12 -> 0 | I12: =G12 - D12 -> -0.5 | J12: =I12 - H12 -> -0.5 | K12: =MAX( 0, MOD( IFERROR( J12, TIMEVALUE(SUBSTITUTE(J12,CHAR(160),"")) ), 1 ) - TIME(11,0,0) ) -> 0.041666667 | L12: =IF(J12="","", IFERROR( HOUR(MIN(MOD(J12,1), TIME(11,0,0))) + MINUTE(MIN(MOD(J12,1), TIME(11,0,0)))/100, HOUR(MIN(MOD(TIMEVALUE(SUBSTITUTE(J12,CHAR(160),"")),1), TIME(11,0,0))) + MINUTE(MIN(MOD(TIMEVALUE(SUBSTITUTE(J12,CHAR(160),"")),1), TIME(11,0,0)))/100 ) ) -> 11 | M12: =IF(K12="","", IFERROR( HOUR(K12)+MINUTE(K12)/100, HOUR(TIMEVALUE(SUBSTITUTE(K12,CHAR(160),""))) +MINUTE(TIMEVALUE(SUBSTITUTE(K12,CHAR(160),"")))/100 ) ) -> 1
A13: 46055 | B13: 1 | C13: =VLOOKUP(B13,Employees!A:B,2,FALSE) -> Rajat Hela | D13: 0.33333333 | E13: 0.54166667 | F13: 0.58333333 | G13: 0.8125 | H13: =F13 - E13 -> 0.041666667 | I13: =G13 - D13 -> 0.47916667 | J13: =I13 - H13 -> 0.4375 | K13: =MAX( 0, MOD( IFERROR( J13, TIMEVALUE(SUBSTITUTE(J13,CHAR(160),"")) ), 1 ) - TIME(11,0,0) ) -> 0 | L13: =IF(J13="","", IFERROR( HOUR(MIN(MOD(J13,1), TIME(11,0,0))) + MINUTE(MIN(MOD(J13,1), TIME(11,0,0)))/100, HOUR(MIN(MOD(TIMEVALUE(SUBSTITUTE(J13,CHAR(160),"")),1), TIME(11,0,0))) + MINUTE(MIN(MOD(TIMEVALUE(SUBSTITUTE(J13,CHAR(160),"")),1), TIME(11,0,0)))/100 ) ) -> 10.3 | M13: =IF(K13="","", IFERROR( HOUR(K13)+MINUTE(K13)/100, HOUR(TIMEVALUE(SUBSTITUTE(K13,CHAR(160),""))) +MINUTE(TIMEVALUE(SUBSTITUTE(K13,CHAR(160),"")))/100 ) ) -> 0
B14: 2 | C14: =VLOOKUP(B14,Employees!A:B,2,FALSE) -> Umesh Kumar | D14: 0.83333333 | G14: 0.33333333 | H14: =F14 - E14 -> 0 | I14: =G14 - D14 -> -0.5 | J14: =I14 - H14 -> -0.5 | K14: =MAX( 0, MOD( IFERROR( J14, TIMEVALUE(SUBSTITUTE(J14,CHAR(160),"")) ), 1 ) - TIME(11,0,0) ) -> 0.041666667 | L14: =IF(J14="","", IFERROR( HOUR(MIN(MOD(J14,1), TIME(11,0,0))) + MINUTE(MIN(MOD(J14,1), TIME(11,0,0)))/100, HOUR(MIN(MOD(TIMEVALUE(SUBSTITUTE(J14,CHAR(160),"")),1), TIME(11,0,0))) + MINUTE(MIN(MOD(TIMEVALUE(SUBSTITUTE(J14,CHAR(160),"")),1), TIME(11,0,0)))/100 ) ) -> 11 | M14: =IF(K14="","", IFERROR( HOUR(K14)+MINUTE(K14)/100, HOUR(TIMEVALUE(SUBSTITUTE(K14,CHAR(160),""))) +MINUTE(TIMEVALUE(SUBSTITUTE(K14,CHAR(160),"")))/100 ) ) -> 1
A15: 46056 | B15: 1 | C15: =VLOOKUP(B15,Employees!A:B,2,FALSE) -> Rajat Hela | D15: 0.33333333 | E15: 0.54166667 | F15: 0.58333333 | G15: 0.83333333 | H15: =F15 - E15 -> 0.041666667 | I15: =G15 - D15 -> 0.5 | J15: =I15 - H15 -> 0.45833333 | K15: =MAX( 0, MOD( IFERROR( J15, TIMEVALUE(SUBSTITUTE(J15,CHAR(160),"")) ), 1 ) - TIME(11,0,0) ) -> 0 | L15: =IF(J15="","", IFERROR( HOUR(MIN(MOD(J15,1), TIME(11,0,0))) + MINUTE(MIN(MOD(J15,1), TIME(11,0,0)))/100, HOUR(MIN(MOD(TIMEVALUE(SUBSTITUTE(J15,CHAR(160),"")),1), TIME(11,0,0))) + MINUTE(MIN(MOD(TIMEVALUE(SUBSTITUTE(J15,CHAR(160),"")),1), TIME(11,0,0)))/100 ) ) -> 11 | M15: =IF(K15="","", IFERROR( HOUR(K15)+MINUTE(K15)/100, HOUR(TIMEVALUE(SUBSTITUTE(K15,CHAR(160),""))) +MINUTE(TIMEVALUE(SUBSTITUTE(K15,CHAR(160),"")))/100 ) ) -> 0
B16: 2 | C16: =VLOOKUP(B16,Employees!A:B,2,FALSE) -> Umesh Kumar | D16: 0.83333333 | G16: 0.33333333 | H16: =F16 - E16 -> 0 | I16: =G16 - D16 -> -0.5 | J16: =I16 - H16 -> -0.5 | K16: =MAX( 0, MOD( IFERROR( J16, TIMEVALUE(SUBSTITUTE(J16,CHAR(160),"")) ), 1 ) - TIME(11,0,0) ) -> 0.041666667 | L16: =IF(J16="","", IFERROR( HOUR(MIN(MOD(J16,1), TIME(11,0,0))) + MINUTE(MIN(MOD(J16,1), TIME(11,0,0)))/100, HOUR(MIN(MOD(TIMEVALUE(SUBSTITUTE(J16,CHAR(160),"")),1), TIME(11,0,0))) + MINUTE(MIN(MOD(TIMEVALUE(SUBSTITUTE(J16,CHAR(160),"")),1), TIME(11,0,0)))/100 ) ) -> 11 | M16: =IF(K16="","", IFERROR( HOUR(K16)+MINUTE(K16)/100, HOUR(TIMEVALUE(SUBSTITUTE(K16,CHAR(160),""))) +MINUTE(TIMEVALUE(SUBSTITUTE(K16,CHAR(160),"")))/100 ) ) -> 1
A17: 46057 | G17: Wednesday | L17: =IF(J17="","", IFERROR( HOUR(MIN(MOD(J17,1), TIME(11,0,0))) + MINUTE(MIN(MOD(J17,1), TIME(11,0,0)))/100, HOUR(MIN(MOD(TIMEVALUE(SUBSTITUTE(J17,CHAR(160),"")),1), TIME(11,0,0))) + MINUTE(MIN(MOD(TIMEVALUE(SUBSTITUTE(J17,CHAR(160),"")),1), TIME(11,0,0)))/100 ) ) | M17: =IF(K17="","", IFERROR( HOUR(K17)+MINUTE(K17)/100, HOUR(TIMEVALUE(SUBSTITUTE(K17,CHAR(160),""))) +MINUTE(TIMEVALUE(SUBSTITUTE(K17,CHAR(160),"")))/100 ) )
A18: 46058 | B18: 2 | C18: =VLOOKUP(B18,Employees!A:B,2,FALSE) -> Umesh Kumar | D18: 0.33333333 | E18: 0.54166667 | F18: 0.58333333 | G18: 0.83333333 | H18: =F18 - E18 -> 0.041666667 | I18: =G18 - D18 -> 0.5 | J18: =I18 - H18 -> 0.45833333 | K18: =MAX( 0, MOD( IFERROR( J18, TIMEVALUE(SUBSTITUTE(J18,CHAR(160),"")) ), 1 ) - TIME(11,0,0) ) -> 0 | L18: =IF(J18="","", IFERROR( HOUR(MIN(MOD(J18,1), TIME(11,0,0))) + MINUTE(MIN(MOD(J18,1), TIME(11,0,0)))/100, HOUR(MIN(MOD(TIMEVALUE(SUBSTITUTE(J18,CHAR(160),"")),1), TIME(11,0,0))) + MINUTE(MIN(MOD(TIMEVALUE(SUBSTITUTE(J18,CHAR(160),"")),1), TIME(11,0,0)))/100 ) ) -> 11 | M18: =IF(K18="","", IFERROR( HOUR(K18)+MINUTE(K18)/100, HOUR(TIMEVALUE(SUBSTITUTE(K18,CHAR(160),""))) +MINUTE(TIMEVALUE(SUBSTITUTE(K18,CHAR(160),"")))/100 ) ) -> 0
B19: 1 | C19: =VLOOKUP(B19,Employees!A:B,2,FALSE) -> Rajat Hela | D19: 0.83333333 | G19: 0.33333333 | H19: =F19 - E19 -> 0 | I19: =G19 - D19 -> -0.5 | J19: =I19 - H19 -> -0.5 | K19: =MAX( 0, MOD( IFERROR( J19, TIMEVALUE(SUBSTITUTE(J19,CHAR(160),"")) ), 1 ) - TIME(11,0,0) ) -> 0.041666667 | L19: =IF(J19="","", IFERROR( HOUR(MIN(MOD(J19,1), TIME(11,0,0))) + MINUTE(MIN(MOD(J19,1), TIME(11,0,0)))/100, HOUR(MIN(MOD(TIMEVALUE(SUBSTITUTE(J19,CHAR(160),"")),1), TIME(11,0,0))) + MINUTE(MIN(MOD(TIMEVALUE(SUBSTITUTE(J19,CHAR(160),"")),1), TIME(11,0,0)))/100 ) ) -> 11 | M19: =IF(K19="","", IFERROR( HOUR(K19)+MINUTE(K19)/100, HOUR(TIMEVALUE(SUBSTITUTE(K19,CHAR(160),""))) +MINUTE(TIMEVALUE(SUBSTITUTE(K19,CHAR(160),"")))/100 ) ) -> 1
A20: 46059 | B20: 2 | C20: =VLOOKUP(B20,Employees!A:B,2,FALSE) -> Umesh Kumar | D20: 0.33333333 | E20: 0.54166667 | F20: 0.58333333 | G20: 0.875 | H20: =F20 - E20 -> 0.041666667 | I20: =G20 - D20 -> 0.54166667 | J20: =I20 - H20 -> 0.5 | K20: =MAX( 0, MOD( IFERROR( J20, TIMEVALUE(SUBSTITUTE(J20,CHAR(160),"")) ), 1 ) - TIME(11,0,0) ) -> 0.041666667 | L20: =IF(J20="","", IFERROR( HOUR(MIN(MOD(J20,1), TIME(11,0,0))) + MINUTE(MIN(MOD(J20,1), TIME(11,0,0)))/100, HOUR(MIN(MOD(TIMEVALUE(SUBSTITUTE(J20,CHAR(160),"")),1), TIME(11,0,0))) + MINUTE(MIN(MOD(TIMEVALUE(SUBSTITUTE(J20,CHAR(160),"")),1), TIME(11,0,0)))/100 ) ) -> 11 | M20: =IF(K20="","", IFERROR( HOUR(K20)+MINUTE(K20)/100, HOUR(TIMEVALUE(SUBSTITUTE(K20,CHAR(160),""))) +MINUTE(TIMEVALUE(SUBSTITUTE(K20,CHAR(160),"")))/100 ) ) -> 1
B21: 1 | C21: =VLOOKUP(B21,Employees!A:B,2,FALSE) -> Rajat Hela | D21: 0.83333333 | G21: 0.33333333 | H21: =F21 - E21 -> 0 | I21: =G21 - D21 -> -0.5 | J21: =I21 - H21 -> -0.5 | K21: =MAX( 0, MOD( IFERROR( J21, TIMEVALUE(SUBSTITUTE(J21,CHAR(160),"")) ), 1 ) - TIME(11,0,0) ) -> 0.041666667 | L21: =IF(J21="","", IFERROR( HOUR(MIN(MOD(J21,1), TIME(11,0,0))) + MINUTE(MIN(MOD(J21,1), TIME(11,0,0)))/100, HOUR(MIN(MOD(TIMEVALUE(SUBSTITUTE(J21,CHAR(160),"")),1), TIME(11,0,0))) + MINUTE(MIN(MOD(TIMEVALUE(SUBSTITUTE(J21,CHAR(160),"")),1), TIME(11,0,0)))/100 ) ) -> 11 | M21: =IF(K21="","", IFERROR( HOUR(K21)+MINUTE(K21)/100, HOUR(TIMEVALUE(SUBSTITUTE(K21,CHAR(160),""))) +MINUTE(TIMEVALUE(SUBSTITUTE(K21,CHAR(160),"")))/100 ) ) -> 1
A22: 46060 | B22: 2 | C22: =VLOOKUP(B22,Employees!A:B,2,FALSE) -> Umesh Kumar | D22: 0.33333333 | E22: 0.54166667 | F22: 0.58333333 | G22: 0.83333333 | H22: =F22 - E22 -> 0.041666667 | I22: =G22 - D22 -> 0.5 | J22: =I22 - H22 -> 0.45833333 | K22: =MAX( 0, MOD( IFERROR( J22, TIMEVALUE(SUBSTITUTE(J22,CHAR(160),"")) ), 1 ) - TIME(11,0,0) ) -> 0 | L22: =IF(J22="","", IFERROR( HOUR(MIN(MOD(J22,1), TIME(11,0,0))) + MINUTE(MIN(MOD(J22,1), TIME(11,0,0)))/100, HOUR(MIN(MOD(TIMEVALUE(SUBSTITUTE(J22,CHAR(160),"")),1), TIME(11,0,0))) + MINUTE(MIN(MOD(TIMEVALUE(SUBSTITUTE(J22,CHAR(160),"")),1), TIME(11,0,0)))/100 ) ) -> 11 | M22: =IF(K22="","", IFERROR( HOUR(K22)+MINUTE(K22)/100, HOUR(TIMEVALUE(SUBSTITUTE(K22,CHAR(160),""))) +MINUTE(TIMEVALUE(SUBSTITUTE(K22,CHAR(160),"")))/100 ) ) -> 0
B23: 1 | C23: =VLOOKUP(B23,Employees!A:B,2,FALSE) -> Rajat Hela | D23: 0.83333333 | G23: 0.33333333 | H23: =F23 - E23 -> 0 | I23: =G23 - D23 -> -0.5 | J23: =I23 - H23 -> -0.5 | K23: =MAX( 0, MOD( IFERROR( J23, TIMEVALUE(SUBSTITUTE(J23,CHAR(160),"")) ), 1 ) - TIME(11,0,0) ) -> 0.041666667 | L23: =IF(J23="","", IFERROR( HOUR(MIN(MOD(J23,1), TIME(11,0,0))) + MINUTE(MIN(MOD(J23,1), TIME(11,0,0)))/100, HOUR(MIN(MOD(TIMEVALUE(SUBSTITUTE(J23,CHAR(160),"")),1), TIME(11,0,0))) + MINUTE(MIN(MOD(TIMEVALUE(SUBSTITUTE(J23,CHAR(160),"")),1), TIME(11,0,0)))/100 ) ) -> 11 | M23: =IF(K23="","", IFERROR( HOUR(K23)+MINUTE(K23)/100, HOUR(TIMEVALUE(SUBSTITUTE(K23,CHAR(160),""))) +MINUTE(TIMEVALUE(SUBSTITUTE(K23,CHAR(160),"")))/100 ) ) -> 1
A24: 46061 | B24: 2 | C24: =VLOOKUP(B24,Employees!A:B,2,FALSE) -> Umesh Kumar | D24: 0.33333333 | E24: 0.54166667 | F24: 0.58333333 | G24: 0.83333333 | H24: =F24 - E24 -> 0.041666667 | I24: =G24 - D24 -> 0.5 | J24: =I24 - H24 -> 0.45833333 | K24: =MAX( 0, MOD( IFERROR( J24, TIMEVALUE(SUBSTITUTE(J24,CHAR(160),"")) ), 1 ) - TIME(11,0,0) ) -> 0 | L24: =IF(J24="","", IFERROR( HOUR(MIN(MOD(J24,1), TIME(11,0,0))) + MINUTE(MIN(MOD(J24,1), TIME(11,0,0)))/100, HOUR(MIN(MOD(TIMEVALUE(SUBSTITUTE(J24,CHAR(160),"")),1), TIME(11,0,0))) + MINUTE(MIN(MOD(TIMEVALUE(SUBSTITUTE(J24,CHAR(160),"")),1), TIME(11,0,0)))/100 ) ) -> 11 | M24: =IF(K24="","", IFERROR( HOUR(K24)+MINUTE(K24)/100, HOUR(TIMEVALUE(SUBSTITUTE(K24,CHAR(160),""))) +MINUTE(TIMEVALUE(SUBSTITUTE(K24,CHAR(160),"")))/100 ) ) -> 0
B25: 1 | C25: =VLOOKUP(B25,Employees!A:B,2,FALSE) -> Rajat Hela | D25: 0.83333333 | G25: 0.33333333 | H25: =F25 - E25 -> 0 | I25: =G25 - D25 -> -0.5 | J25: =I25 - H25 -> -0.5 | K25: =MAX( 0, MOD( IFERROR( J25, TIMEVALUE(SUBSTITUTE(J25,CHAR(160),"")) ), 1 ) - TIME(11,0,0) ) -> 0.041666667 | L25: =IF(J25="","", IFERROR( HOUR(MIN(MOD(J25,1), TIME(11,0,0))) + MINUTE(MIN(MOD(J25,1), TIME(11,0,0)))/100, HOUR(MIN(MOD(TIMEVALUE(SUBSTITUTE(J25,CHAR(160),"")),1), TIME(11,0,0))) + MINUTE(MIN(MOD(TIMEVALUE(SUBSTITUTE(J25,CHAR(160),"")),1), TIME(11,0,0)))/100 ) ) -> 11 | M25: =IF(K25="","", IFERROR( HOUR(K25)+MINUTE(K25)/100, HOUR(TIMEVALUE(SUBSTITUTE(K25,CHAR(160),""))) +MINUTE(TIMEVALUE(SUBSTITUTE(K25,CHAR(160),"")))/100 ) ) -> 1
A26: 46062 | B26: 2 | C26: =VLOOKUP(B26,Employees!A:B,2,FALSE) -> Umesh Kumar | D26: 0.33333333 | E26: 0.54166667 | F26: 0.58333333 | G26: 0.83333333 | H26: =F26 - E26 -> 0.041666667 | I26: =G26 - D26 -> 0.5 | J26: =I26 - H26 -> 0.45833333 | K26: =MAX( 0, MOD( IFERROR( J26, TIMEVALUE(SUBSTITUTE(J26,CHAR(160),"")) ), 1 ) - TIME(11,0,0) ) -> 0 | L26: =IF(J26="","", IFERROR( HOUR(MIN(MOD(J26,1), TIME(11,0,0))) + MINUTE(MIN(MOD(J26,1), TIME(11,0,0)))/100, HOUR(MIN(MOD(TIMEVALUE(SUBSTITUTE(J26,CHAR(160),"")),1), TIME(11,0,0))) + MINUTE(MIN(MOD(TIMEVALUE(SUBSTITUTE(J26,CHAR(160),"")),1), TIME(11,0,0)))/100 ) ) -> 11 | M26: =IF(K26="","", IFERROR( HOUR(K26)+MINUTE(K26)/100, HOUR(TIMEVALUE(SUBSTITUTE(K26,CHAR(160),""))) +MINUTE(TIMEVALUE(SUBSTITUTE(K26,CHAR(160),"")))/100 ) ) -> 0
B27: 1 | C27: =VLOOKUP(B27,Employees!A:B,2,FALSE) -> Rajat Hela | D27: 0.83333333 | G27: 0.33333333 | H27: =F27 - E27 -> 0 | I27: =G27 - D27 -> -0.5 | J27: =I27 - H27 -> -0.5 | K27: =MAX( 0, MOD( IFERROR( J27, TIMEVALUE(SUBSTITUTE(J27,CHAR(160),"")) ), 1 ) - TIME(11,0,0) ) -> 0.041666667 | L27: =IF(J27="","", IFERROR( HOUR(MIN(MOD(J27,1), TIME(11,0,0))) + MINUTE(MIN(MOD(J27,1), TIME(11,0,0)))/100, HOUR(MIN(MOD(TIMEVALUE(SUBSTITUTE(J27,CHAR(160),"")),1), TIME(11,0,0))) + MINUTE(MIN(MOD(TIMEVALUE(SUBSTITUTE(J27,CHAR(160),"")),1), TIME(11,0,0)))/100 ) ) -> 11 | M27: =IF(K27="","", IFERROR( HOUR(K27)+MINUTE(K27)/100, HOUR(TIMEVALUE(SUBSTITUTE(K27,CHAR(160),""))) +MINUTE(TIMEVALUE(SUBSTITUTE(K27,CHAR(160),"")))/100 ) ) -> 1
A28: 46063 | B28: 2 | C28: =VLOOKUP(B28,Employees!A:B,2,FALSE) -> Umesh Kumar | D28: 0.33333333 | E28: 0.54166667 | F28: 0.58333333 | G28: 0.83333333 | H28: =F28 - E28 -> 0.041666667 | I28: =G28 - D28 -> 0.5 | J28: =I28 - H28 -> 0.45833333 | K28: =MAX( 0, MOD( IFERROR( J28, TIMEVALUE(SUBSTITUTE(J28,CHAR(160),"")) ), 1 ) - TIME(11,0,0) ) -> 0 | L28: =IF(J28="","", IFERROR( HOUR(MIN(MOD(J28,1), TIME(11,0,0))) + MINUTE(MIN(MOD(J28,1), TIME(11,0,0)))/100, HOUR(MIN(MOD(TIMEVALUE(SUBSTITUTE(J28,CHAR(160),"")),1), TIME(11,0,0))) + MINUTE(MIN(MOD(TIMEVALUE(SUBSTITUTE(J28,CHAR(160),"")),1), TIME(11,0,0)))/100 ) ) -> 11 | M28: =IF(K28="","", IFERROR( HOUR(K28)+MINUTE(K28)/100, HOUR(TIMEVALUE(SUBSTITUTE(K28,CHAR(160),""))) +MINUTE(TIMEVALUE(SUBSTITUTE(K28,CHAR(160),"")))/100 ) ) -> 0
B29: 1 | C29: =VLOOKUP(B29,Employees!A:B,2,FALSE) -> Rajat Hela | D29: 0.83333333 | G29: 0.33333333 | H29: =F29 - E29 -> 0 | I29: =G29 - D29 -> -0.5 | J29: =I29 - H29 -> -0.5 | K29: =MAX( 0, MOD( IFERROR( J29, TIMEVALUE(SUBSTITUTE(J29,CHAR(160),"")) ), 1 ) - TIME(11,0,0) ) -> 0.041666667 | L29: =IF(J29="","", IFERROR( HOUR(MIN(MOD(J29,1), TIME(11,0,0))) + MINUTE(MIN(MOD(J29,1), TIME(11,0,0)))/100, HOUR(MIN(MOD(TIMEVALUE(SUBSTITUTE(J29,CHAR(160),"")),1), TIME(11,0,0))) + MINUTE(MIN(MOD(TIMEVALUE(SUBSTITUTE(J29,CHAR(160),"")),1), TIME(11,0,0)))/100 ) ) -> 11 | M29: =IF(K29="","", IFERROR( HOUR(K29)+MINUTE(K29)/100, HOUR(TIMEVALUE(SUBSTITUTE(K29,CHAR(160),""))) +MINUTE(TIMEVALUE(SUBSTITUTE(K29,CHAR(160),"")))/100 ) ) -> 1
A30: 46064 | B30: 2 | C30: =VLOOKUP(B30,Employees!A:B,2,FALSE) -> Umesh Kumar | D30: 0.33333333 | E30: 0.54166667 | F30: 0.58333333 | G30: 0.75 | H30: 0 | I30: 0.41666667 | J30: 0.375 | K30: 0 | L30: =IF(J30="","", IFERROR( HOUR(MIN(MOD(J30,1), TIME(11,0,0))) + MINUTE(MIN(MOD(J30,1), TIME(11,0,0)))/100, HOUR(MIN(MOD(TIMEVALUE(SUBSTITUTE(J30,CHAR(160),"")),1), TIME(11,0,0))) + MINUTE(MIN(MOD(TIMEVALUE(SUBSTITUTE(J30,CHAR(160),"")),1), TIME(11,0,0)))/100 ) ) -> 9 | M30: =IF(K30="","", IFERROR( HOUR(K30)+MINUTE(K30)/100, HOUR(TIMEVALUE(SUBSTITUTE(K30,CHAR(160),""))) +MINUTE(TIMEVALUE(SUBSTITUTE(K30,CHAR(160),"")))/100 ) ) -> 0
A31: 46065 | B31: 1 | C31: =VLOOKUP(B31,Employees!A:B,2,FALSE) -> Rajat Hela | D31: 0.33333333 | E31: 0.54166667 | F31: 0.58333333 | G31: 0.83333333 | H31: =F31 - E31 -> 0.041666667 | I31: =G31 - D31 -> 0.5 | J31: =I31 - H31 -> 0.45833333 | K31: =MAX( 0, MOD( IFERROR( J31, TIMEVALUE(SUBSTITUTE(J31,CHAR(160),"")) ), 1 ) - TIME(11,0,0) ) -> 0 | L31: =IF(J31="","", IFERROR( HOUR(MIN(MOD(J31,1), TIME(11,0,0))) + MINUTE(MIN(MOD(J31,1), TIME(11,0,0)))/100, HOUR(MIN(MOD(TIMEVALUE(SUBSTITUTE(J31,CHAR(160),"")),1), TIME(11,0,0))) + MINUTE(MIN(MOD(TIMEVALUE(SUBSTITUTE(J31,CHAR(160),"")),1), TIME(11,0,0)))/100 ) ) -> 11 | M31: =IF(K31="","", IFERROR( HOUR(K31)+MINUTE(K31)/100, HOUR(TIMEVALUE(SUBSTITUTE(K31,CHAR(160),""))) +MINUTE(TIMEVALUE(SUBSTITUTE(K31,CHAR(160),"")))/100 ) ) -> 0
B32: 2 | C32: =VLOOKUP(B32,Employees!A:B,2,FALSE) -> Umesh Kumar | D32: 0.83333333 | G32: 0.33333333 | H32: =F32 - E32 -> 0 | I32: =G32 - D32 -> -0.5 | J32: =I32 - H32 -> -0.5 | K32: =MAX( 0, MOD( IFERROR( J32, TIMEVALUE(SUBSTITUTE(J32,CHAR(160),"")) ), 1 ) - TIME(11,0,0) ) -> 0.041666667 | L32: =IF(J32="","", IFERROR( HOUR(MIN(MOD(J32,1), TIME(11,0,0))) + MINUTE(MIN(MOD(J32,1), TIME(11,0,0)))/100, HOUR(MIN(MOD(TIMEVALUE(SUBSTITUTE(J32,CHAR(160),"")),1), TIME(11,0,0))) + MINUTE(MIN(MOD(TIMEVALUE(SUBSTITUTE(J32,CHAR(160),"")),1), TIME(11,0,0)))/100 ) ) -> 11 | M32: =IF(K32="","", IFERROR( HOUR(K32)+MINUTE(K32)/100, HOUR(TIMEVALUE(SUBSTITUTE(K32,CHAR(160),""))) +MINUTE(TIMEVALUE(SUBSTITUTE(K32,CHAR(160),"")))/100 ) ) -> 1
A33: 46066 | B33: 1 | C33: =VLOOKUP(B33,Employees!A:B,2,FALSE) -> Rajat Hela | D33: 0.33333333 | E33: 0.54166667 | F33: 0.58333333 | G33: 0.83333333 | H33: =F33 - E33 -> 0.041666667 | I33: =G33 - D33 -> 0.5 | J33: =I33 - H33 -> 0.45833333 | K33: =MAX( 0, MOD( IFERROR( J33, TIMEVALUE(SUBSTITUTE(J33,CHAR(160),"")) ), 1 ) - TIME(11,0,0) ) -> 0 | L33: =IF(J33="","", IFERROR( HOUR(MIN(MOD(J33,1), TIME(11,0,0))) + MINUTE(MIN(MOD(J33,1), TIME(11,0,0)))/100, HOUR(MIN(MOD(TIMEVALUE(SUBSTITUTE(J33,CHAR(160),"")),1), TIME(11,0,0))) + MINUTE(MIN(MOD(TIMEVALUE(SUBSTITUTE(J33,CHAR(160),"")),1), TIME(11,0,0)))/100 ) ) -> 11 | M33: =IF(K33="","", IFERROR( HOUR(K33)+MINUTE(K33)/100, HOUR(TIMEVALUE(SUBSTITUTE(K33,CHAR(160),""))) +MINUTE(TIMEVALUE(SUBSTITUTE(K33,CHAR(160),"")))/100 ) ) -> 0
B34: 2 | C34: =VLOOKUP(B34,Employees!A:B,2,FALSE) -> Umesh Kumar | D34: 0.83333333 | G34: 0.33333333 | H34: =F34 - E34 -> 0 | I34: =G34 - D34 -> -0.5 | J34: =I34 - H34 -> -0.5 | K34: =MAX( 0, MOD( IFERROR( J34, TIMEVALUE(SUBSTITUTE(J34,CHAR(160),"")) ), 1 ) - TIME(11,0,0) ) -> 0.041666667 | L34: =IF(J34="","", IFERROR( HOUR(MIN(MOD(J34,1), TIME(11,0,0))) + MINUTE(MIN(MOD(J34,1), TIME(11,0,0)))/100, HOUR(MIN(MOD(TIMEVALUE(SUBSTITUTE(J34,CHAR(160),"")),1), TIME(11,0,0))) + MINUTE(MIN(MOD(TIMEVALUE(SUBSTITUTE(J34,CHAR(160),"")),1), TIME(11,0,0)))/100 ) ) -> 11 | M34: =IF(K34="","", IFERROR( HOUR(K34)+MINUTE(K34)/100, HOUR(TIMEVALUE(SUBSTITUTE(K34,CHAR(160),""))) +MINUTE(TIMEVALUE(SUBSTITUTE(K34,CHAR(160),"")))/100 ) ) -> 1
A35: 46067 | B35: 1 | C35: =VLOOKUP(B35,Employees!A:B,2,FALSE) -> Rajat Hela | D35: 0.33333333 | E35: 0.54166667 | F35: 0.58333333 | G35: 0.83333333 | H35: =F35 - E35 -> 0.041666667 | I35: =G35 - D35 -> 0.5 | J35: =I35 - H35 -> 0.45833333 | K35: =MAX( 0, MOD( IFERROR( J35, TIMEVALUE(SUBSTITUTE(J35,CHAR(160),"")) ), 1 ) - TIME(11,0,0) ) -> 0 | L35: =IF(J35="","", IFERROR( HOUR(MIN(MOD(J35,1), TIME(11,0,0))) + MINUTE(MIN(MOD(J35,1), TIME(11,0,0)))/100, HOUR(MIN(MOD(TIMEVALUE(SUBSTITUTE(J35,CHAR(160),"")),1), TIME(11,0,0))) + MINUTE(MIN(MOD(TIMEVALUE(SUBSTITUTE(J35,CHAR(160),"")),1), TIME(11,0,0)))/100 ) ) -> 11 | M35: =IF(K35="","", IFERROR( HOUR(K35)+MINUTE(K35)/100, HOUR(TIMEVALUE(SUBSTITUTE(K35,CHAR(160),""))) +MINUTE(TIMEVALUE(SUBSTITUTE(K35,CHAR(160),"")))/100 ) ) -> 0
B36: 2 | C36: =VLOOKUP(B36,Employees!A:B,2,FALSE) -> Umesh Kumar | D36: 0.83333333 | G36: 0.33333333 | H36: =F36 - E36 -> 0 | I36: =G36 - D36 -> -0.5 | J36: =I36 - H36 -> -0.5 | K36: =MAX( 0, MOD( IFERROR( J36, TIMEVALUE(SUBSTITUTE(J36,CHAR(160),"")) ), 1 ) - TIME(11,0,0) ) -> 0.041666667 | L36: =IF(J36="","", IFERROR( HOUR(MIN(MOD(J36,1), TIME(11,0,0))) + MINUTE(MIN(MOD(J36,1), TIME(11,0,0)))/100, HOUR(MIN(MOD(TIMEVALUE(SUBSTITUTE(J36,CHAR(160),"")),1), TIME(11,0,0))) + MINUTE(MIN(MOD(TIMEVALUE(SUBSTITUTE(J36,CHAR(160),"")),1), TIME(11,0,0)))/100 ) ) -> 11 | M36: =IF(K36="","", IFERROR( HOUR(K36)+MINUTE(K36)/100, HOUR(TIMEVALUE(SUBSTITUTE(K36,CHAR(160),""))) +MINUTE(TIMEVALUE(SUBSTITUTE(K36,CHAR(160),"")))/100 ) ) -> 1
A37: 46068 | B37: 1 | C37: =VLOOKUP(B37,Employees!A:B,2,FALSE) -> Rajat Hela | D37: 0.33333333 | E37: 0.54166667 | F37: 0.58333333 | G37: 0.83333333 | H37: =F37 - E37 -> 0.041666667 | I37: =G37 - D37 -> 0.5 | J37: =I37 - H37 -> 0.45833333 | K37: =MAX( 0, MOD( IFERROR( J37, TIMEVALUE(SUBSTITUTE(J37,CHAR(160),"")) ), 1 ) - TIME(11,0,0) ) -> 0 | L37: =IF(J37="","", IFERROR( HOUR(MIN(MOD(J37,1), TIME(11,0,0))) + MINUTE(MIN(MOD(J37,1), TIME(11,0,0)))/100, HOUR(MIN(MOD(TIMEVALUE(SUBSTITUTE(J37,CHAR(160),"")),1), TIME(11,0,0))) + MINUTE(MIN(MOD(TIMEVALUE(SUBSTITUTE(J37,CHAR(160),"")),1), TIME(11,0,0)))/100 ) ) -> 11 | M37: =IF(K37="","", IFERROR( HOUR(K37)+MINUTE(K37)/100, HOUR(TIMEVALUE(SUBSTITUTE(K37,CHAR(160),""))) +MINUTE(TIMEVALUE(SUBSTITUTE(K37,CHAR(160),"")))/100 ) ) -> 0
B38: 2 | C38: =VLOOKUP(B38,Employees!A:B,2,FALSE) -> Umesh Kumar | D38: 0.83333333 | G38: 0.33333333 | H38: =F38 - E38 -> 0 | I38: =G38 - D38 -> -0.5 | J38: =I38 - H38 -> -0.5 | K38: =MAX( 0, MOD( IFERROR( J38, TIMEVALUE(SUBSTITUTE(J38,CHAR(160),"")) ), 1 ) - TIME(11,0,0) ) -> 0.041666667 | L38: =IF(J38="","", IFERROR( HOUR(MIN(MOD(J38,1), TIME(11,0,0))) + MINUTE(MIN(MOD(J38,1), TIME(11,0,0)))/100, HOUR(MIN(MOD(TIMEVALUE(SUBSTITUTE(J38,CHAR(160),"")),1), TIME(11,0,0))) + MINUTE(MIN(MOD(TIMEVALUE(SUBSTITUTE(J38,CHAR(160),"")),1), TIME(11,0,0)))/100 ) ) -> 11 | M38: =IF(K38="","", IFERROR( HOUR(K38)+MINUTE(K38)/100, HOUR(TIMEVALUE(SUBSTITUTE(K38,CHAR(160),""))) +MINUTE(TIMEVALUE(SUBSTITUTE(K38,CHAR(160),"")))/100 ) ) -> 1
A39: 46069 | B39: 1 | C39: =VLOOKUP(B39,Employees!A:B,2,FALSE) -> Rajat Hela | D39: 0.33333333 | E39: 0.54166667 | F39: 0.58333333 | G39: 0.83333333 | H39: =F39 - E39 -> 0.041666667 | I39: =G39 - D39 -> 0.5 | J39: =I39 - H39 -> 0.45833333 | K39: =MAX( 0, MOD( IFERROR( J39, TIMEVALUE(SUBSTITUTE(J39,CHAR(160),"")) ), 1 ) - TIME(11,0,0) ) -> 0 | L39: =IF(J39="","", IFERROR( HOUR(MIN(MOD(J39,1), TIME(11,0,0))) + MINUTE(MIN(MOD(J39,1), TIME(11,0,0)))/100, HOUR(MIN(MOD(TIMEVALUE(SUBSTITUTE(J39,CHAR(160),"")),1), TIME(11,0,0))) + MINUTE(MIN(MOD(TIMEVALUE(SUBSTITUTE(J39,CHAR(160),"")),1), TIME(11,0,0)))/100 ) ) -> 11 | M39: =IF(K39="","", IFERROR( HOUR(K39)+MINUTE(K39)/100, HOUR(TIMEVALUE(SUBSTITUTE(K39,CHAR(160),""))) +MINUTE(TIMEVALUE(SUBSTITUTE(K39,CHAR(160),"")))/100 ) ) -> 0
B40: 2 | C40: =VLOOKUP(B40,Employees!A:B,2,FALSE) -> Umesh Kumar | D40: 0.83333333 | G40: 0.33333333 | H40: =F40 - E40 -> 0 | I40: =G40 - D40 -> -0.5 | J40: =I40 - H40 -> -0.5 | K40: =MAX( 0, MOD( IFERROR( J40, TIMEVALUE(SUBSTITUTE(J40,CHAR(160),"")) ), 1 ) - TIME(11,0,0) ) -> 0.041666667 | L40: =IF(J40="","", IFERROR( HOUR(MIN(MOD(J40,1), TIME(11,0,0))) + MINUTE(MIN(MOD(J40,1), TIME(11,0,0)))/100, HOUR(MIN(MOD(TIMEVALUE(SUBSTITUTE(J40,CHAR(160),"")),1), TIME(11,0,0))) + MINUTE(MIN(MOD(TIMEVALUE(SUBSTITUTE(J40,CHAR(160),"")),1), TIME(11,0,0)))/100 ) ) -> 11 | M40: =IF(K40="","", IFERROR( HOUR(K40)+MINUTE(K40)/100, HOUR(TIMEVALUE(SUBSTITUTE(K40,CHAR(160),""))) +MINUTE(TIMEVALUE(SUBSTITUTE(K40,CHAR(160),"")))/100 ) ) -> 1
A41: 46070 | B41: 1 | C41: =VLOOKUP(B41,Employees!A:B,2,FALSE) -> Rajat Hela | D41: 0.33333333 | E41: 0.54166667 | F41: 0.58333333 | G41: 0.83333333 | H41: =F41 - E41 -> 0.041666667 | I41: =G41 - D41 -> 0.5 | J41: =I41 - H41 -> 0.45833333 | K41: =MAX( 0, MOD( IFERROR( J41, TIMEVALUE(SUBSTITUTE(J41,CHAR(160),"")) ), 1 ) - TIME(11,0,0) ) -> 0 | L41: =IF(J41="","", IFERROR( HOUR(MIN(MOD(J41,1), TIME(11,0,0))) + MINUTE(MIN(MOD(J41,1), TIME(11,0,0)))/100, HOUR(MIN(MOD(TIMEVALUE(SUBSTITUTE(J41,CHAR(160),"")),1), TIME(11,0,0))) + MINUTE(MIN(MOD(TIMEVALUE(SUBSTITUTE(J41,CHAR(160),"")),1), TIME(11,0,0)))/100 ) ) -> 11 | M41: =IF(K41="","", IFERROR( HOUR(K41)+MINUTE(K41)/100, HOUR(TIMEVALUE(SUBSTITUTE(K41,CHAR(160),""))) +MINUTE(TIMEVALUE(SUBSTITUTE(K41,CHAR(160),"")))/100 ) ) -> 0
B42: 2 | C42: =VLOOKUP(B42,Employees!A:B,2,FALSE) -> Umesh Kumar | D42: 0.83333333 | G42: 0.33333333 | H42: =F42 - E42 -> 0 | I42: =G42 - D42 -> -0.5 | J42: =I42 - H42 -> -0.5 | K42: =MAX( 0, MOD( IFERROR( J42, TIMEVALUE(SUBSTITUTE(J42,CHAR(160),"")) ), 1 ) - TIME(11,0,0) ) -> 0.041666667 | L42: =IF(J42="","", IFERROR( HOUR(MIN(MOD(J42,1), TIME(11,0,0))) + MINUTE(MIN(MOD(J42,1), TIME(11,0,0)))/100, HOUR(MIN(MOD(TIMEVALUE(SUBSTITUTE(J42,CHAR(160),"")),1), TIME(11,0,0))) + MINUTE(MIN(MOD(TIMEVALUE(SUBSTITUTE(J42,CHAR(160),"")),1), TIME(11,0,0)))/100 ) ) -> 11 | M42: =IF(K42="","", IFERROR( HOUR(K42)+MINUTE(K42)/100, HOUR(TIMEVALUE(SUBSTITUTE(K42,CHAR(160),""))) +MINUTE(TIMEVALUE(SUBSTITUTE(K42,CHAR(160),"")))/100 ) ) -> 1
A43: 46071 | B43: 2 | C43: =VLOOKUP(B43,Employees!A:B,2,FALSE) -> Umesh Kumar | D43: 0.33333333 | E43: 0.54166667 | F43: 0.072916667 | G43: 0.77083333 | H43: 0 | I43: 0.4375 | J43: 0.39583333 | K43: 0 | L43: =IF(J43="","", IFERROR( HOUR(MIN(MOD(J43,1), TIME(11,0,0))) + MINUTE(MIN(MOD(J43,1), TIME(11,0,0)))/100, HOUR(MIN(MOD(TIMEVALUE(SUBSTITUTE(J43,CHAR(160),"")),1), TIME(11,0,0))) + MINUTE(MIN(MOD(TIMEVALUE(SUBSTITUTE(J43,CHAR(160),"")),1), TIME(11,0,0)))/100 ) ) -> 9.3 | M43: =IF(K43="","", IFERROR( HOUR(K43)+MINUTE(K43)/100, HOUR(TIMEVALUE(SUBSTITUTE(K43,CHAR(160),""))) +MINUTE(TIMEVALUE(SUBSTITUTE(K43,CHAR(160),"")))/100 ) ) -> 0
A44: 46072 | B44: 2 | C44: =VLOOKUP(B44,Employees!A:B,2,FALSE) -> Umesh Kumar | D44: 0.33333333 | E44: 0.57291667 | F44: 0.61458333 | G44: 0.83333333 | H44: =F44 - E44 -> 0.041666667 | I44: =G44 - D44 -> 0.5 | J44: =I44 - H44 -> 0.45833333 | K44: =MAX( 0, MOD( IFERROR( J44, TIMEVALUE(SUBSTITUTE(J44,CHAR(160),"")) ), 1 ) - TIME(11,0,0) ) -> 0 | L44: =IF(J44="","", IFERROR( HOUR(MIN(MOD(J44,1), TIME(11,0,0))) + MINUTE(MIN(MOD(J44,1), TIME(11,0,0)))/100, HOUR(MIN(MOD(TIMEVALUE(SUBSTITUTE(J44,CHAR(160),"")),1), TIME(11,0,0))) + MINUTE(MIN(MOD(TIMEVALUE(SUBSTITUTE(J44,CHAR(160),"")),1), TIME(11,0,0)))/100 ) ) -> 11 | M44: =IF(K44="","", IFERROR( HOUR(K44)+MINUTE(K44)/100, HOUR(TIMEVALUE(SUBSTITUTE(K44,CHAR(160),""))) +MINUTE(TIMEVALUE(SUBSTITUTE(K44,CHAR(160),"")))/100 ) ) -> 0
B45: 1 | C45: =VLOOKUP(B45,Employees!A:B,2,FALSE) -> Rajat Hela | D45: 0.83333333 | G45: 0.33333333 | H45: =F45 - E45 -> 0 | I45: =G45 - D45 -> -0.5 | J45: =I45 - H45 -> -0.5 | K45: =MAX( 0, MOD( IFERROR( J45, TIMEVALUE(SUBSTITUTE(J45,CHAR(160),"")) ), 1 ) - TIME(11,0,0) ) -> 0.041666667 | L45: =IF(J45="","", IFERROR( HOUR(MIN(MOD(J45,1), TIME(11,0,0))) + MINUTE(MIN(MOD(J45,1), TIME(11,0,0)))/100, HOUR(MIN(MOD(TIMEVALUE(SUBSTITUTE(J45,CHAR(160),"")),1), TIME(11,0,0))) + MINUTE(MIN(MOD(TIMEVALUE(SUBSTITUTE(J45,CHAR(160),"")),1), TIME(11,0,0)))/100 ) ) -> 11 | M45: =IF(K45="","", IFERROR( HOUR(K45)+MINUTE(K45)/100, HOUR(TIMEVALUE(SUBSTITUTE(K45,CHAR(160),""))) +MINUTE(TIMEVALUE(SUBSTITUTE(K45,CHAR(160),"")))/100 ) ) -> 1
A46: 46073 | B46: 2 | C46: =VLOOKUP(B46,Employees!A:B,2,FALSE) -> Umesh Kumar | D46: 0.33333333 | E46: 0.54166667 | F46: 0.58333333 | G46: 0.83333333 | H46: =F46 - E46 -> 0.041666667 | I46: =G46 - D46 -> 0.5 | J46: =I46 - H46 -> 0.45833333 | K46: =MAX( 0, MOD( IFERROR( J46, TIMEVALUE(SUBSTITUTE(J46,CHAR(160),"")) ), 1 ) - TIME(11,0,0) ) -> 0 | L46: =IF(J46="","", IFERROR( HOUR(MIN(MOD(J46,1), TIME(11,0,0))) + MINUTE(MIN(MOD(J46,1), TIME(11,0,0)))/100, HOUR(MIN(MOD(TIMEVALUE(SUBSTITUTE(J46,CHAR(160),"")),1), TIME(11,0,0))) + MINUTE(MIN(MOD(TIMEVALUE(SUBSTITUTE(J46,CHAR(160),"")),1), TIME(11,0,0)))/100 ) ) -> 11 | M46: =IF(K46="","", IFERROR( HOUR(K46)+MINUTE(K46)/100, HOUR(TIMEVALUE(SUBSTITUTE(K46,CHAR(160),""))) +MINUTE(TIMEVALUE(SUBSTITUTE(K46,CHAR(160),"")))/100 ) ) -> 0
B47: 1 | C47: =VLOOKUP(B47,Employees!A:B,2,FALSE) -> Rajat Hela | D47: 0.83333333 | G47: 0.33333333 | H47: =F47 - E47 -> 0 | I47: =G47 - D47 -> -0.5 | J47: =I47 - H47 -> -0.5 | K47: =MAX( 0, MOD( IFERROR( J47, TIMEVALUE(SUBSTITUTE(J47,CHAR(160),"")) ), 1 ) - TIME(11,0,0) ) -> 0.041666667 | L47: =IF(J47="","", IFERROR( HOUR(MIN(MOD(J47,1), TIME(11,0,0))) + MINUTE(MIN(MOD(J47,1), TIME(11,0,0)))/100, HOUR(MIN(MOD(TIMEVALUE(SUBSTITUTE(J47,CHAR(160),"")),1), TIME(11,0,0))) + MINUTE(MIN(MOD(TIMEVALUE(SUBSTITUTE(J47,CHAR(160),"")),1), TIME(11,0,0)))/100 ) ) -> 11 | M47: =IF(K47="","", IFERROR( HOUR(K47)+MINUTE(K47)/100, HOUR(TIMEVALUE(SUBSTITUTE(K47,CHAR(160),""))) +MINUTE(TIMEVALUE(SUBSTITUTE(K47,CHAR(160),"")))/100 ) ) -> 1
A48: 46074 | B48: 2 | C48: =VLOOKUP(B48,Employees!A:B,2,FALSE) -> Umesh Kumar | D48: 0.33333333 | E48: 0.54166667 | F48: 0.58333333 | G48: 0.83333333 | H48: =F48 - E48 -> 0.041666667 | I48: =G48 - D48 -> 0.5 | J48: =I48 - H48 -> 0.45833333 | K48: =MAX( 0, MOD( IFERROR( J48, TIMEVALUE(SUBSTITUTE(J48,CHAR(160),"")) ), 1 ) - TIME(11,0,0) ) -> 0 | L48: =IF(J48="","", IFERROR( HOUR(MIN(MOD(J48,1), TIME(11,0,0))) + MINUTE(MIN(MOD(J48,1), TIME(11,0,0)))/100, HOUR(MIN(MOD(TIMEVALUE(SUBSTITUTE(J48,CHAR(160),"")),1), TIME(11,0,0))) + MINUTE(MIN(MOD(TIMEVALUE(SUBSTITUTE(J48,CHAR(160),"")),1), TIME(11,0,0)))/100 ) ) -> 11 | M48: =IF(K48="","", IFERROR( HOUR(K48)+MINUTE(K48)/100, HOUR(TIMEVALUE(SUBSTITUTE(K48,CHAR(160),""))) +MINUTE(TIMEVALUE(SUBSTITUTE(K48,CHAR(160),"")))/100 ) ) -> 0
B49: 1 | C49: =VLOOKUP(B49,Employees!A:B,2,FALSE) -> Rajat Hela | D49: 0.83333333 | G49: 0.33333333 | H49: =F49 - E49 -> 0 | I49: =G49 - D49 -> -0.5 | J49: =I49 - H49 -> -0.5 | K49: =MAX( 0, MOD( IFERROR( J49, TIMEVALUE(SUBSTITUTE(J49,CHAR(160),"")) ), 1 ) - TIME(11,0,0) ) -> 0.041666667 | L49: =IF(J49="","", IFERROR( HOUR(MIN(MOD(J49,1), TIME(11,0,0))) + MINUTE(MIN(MOD(J49,1), TIME(11,0,0)))/100, HOUR(MIN(MOD(TIMEVALUE(SUBSTITUTE(J49,CHAR(160),"")),1), TIME(11,0,0))) + MINUTE(MIN(MOD(TIMEVALUE(SUBSTITUTE(J49,CHAR(160),"")),1), TIME(11,0,0)))/100 ) ) -> 11 | M49: =IF(K49="","", IFERROR( HOUR(K49)+MINUTE(K49)/100, HOUR(TIMEVALUE(SUBSTITUTE(K49,CHAR(160),""))) +MINUTE(TIMEVALUE(SUBSTITUTE(K49,CHAR(160),"")))/100 ) ) -> 1
A50: 46075 | B50: 2 | C50: =VLOOKUP(B50,Employees!A:B,2,FALSE) -> Umesh Kumar | D50: 0.33333333 | E50: 0.54166667 | F50: 0.58333333 | G50: 0.83333333 | H50: =F50 - E50 -> 0.041666667 | I50: =G50 - D50 -> 0.5 | J50: =I50 - H50 -> 0.45833333 | K50: =MAX( 0, MOD( IFERROR( J50, TIMEVALUE(SUBSTITUTE(J50,CHAR(160),"")) ), 1 ) - TIME(11,0,0) ) -> 0 | L50: =IF(J50="","", IFERROR( HOUR(MIN(MOD(J50,1), TIME(11,0,0))) + MINUTE(MIN(MOD(J50,1), TIME(11,0,0)))/100, HOUR(MIN(MOD(TIMEVALUE(SUBSTITUTE(J50,CHAR(160),"")),1), TIME(11,0,0))) + MINUTE(MIN(MOD(TIMEVALUE(SUBSTITUTE(J50,CHAR(160),"")),1), TIME(11,0,0)))/100 ) ) -> 11 | M50: =IF(K50="","", IFERROR( HOUR(K50)+MINUTE(K50)/100, HOUR(TIMEVALUE(SUBSTITUTE(K50,CHAR(160),""))) +MINUTE(TIMEVALUE(SUBSTITUTE(K50,CHAR(160),"")))/100 ) ) -> 0
B51: 1 | C51: =VLOOKUP(B51,Employees!A:B,2,FALSE) -> Rajat Hela | D51: 0.83333333 | G51: 0.33333333 | H51: =F51 - E51 -> 0 | I51: =G51 - D51 -> -0.5 | J51: =I51 - H51 -> -0.5 | K51: =MAX( 0, MOD( IFERROR( J51, TIMEVALUE(SUBSTITUTE(J51,CHAR(160),"")) ), 1 ) - TIME(11,0,0) ) -> 0.041666667 | L51: =IF(J51="","", IFERROR( HOUR(MIN(MOD(J51,1), TIME(11,0,0))) + MINUTE(MIN(MOD(J51,1), TIME(11,0,0)))/100, HOUR(MIN(MOD(TIMEVALUE(SUBSTITUTE(J51,CHAR(160),"")),1), TIME(11,0,0))) + MINUTE(MIN(MOD(TIMEVALUE(SUBSTITUTE(J51,CHAR(160),"")),1), TIME(11,0,0)))/100 ) ) -> 11 | M51: =IF(K51="","", IFERROR( HOUR(K51)+MINUTE(K51)/100, HOUR(TIMEVALUE(SUBSTITUTE(K51,CHAR(160),""))) +MINUTE(TIMEVALUE(SUBSTITUTE(K51,CHAR(160),"")))/100 ) ) -> 1
A52: 46076 | B52: 2 | C52: =VLOOKUP(B52,Employees!A:B,2,FALSE) -> Umesh Kumar | D52: 0.33333333 | E52: 0.54166667 | F52: 0.58333333 | G52: 0.83333333 | H52: =F52 - E52 -> 0.041666667 | I52: =G52 - D52 -> 0.5 | J52: =I52 - H52 -> 0.45833333 | K52: =MAX( 0, MOD( IFERROR( J52, TIMEVALUE(SUBSTITUTE(J52,CHAR(160),"")) ), 1 ) - TIME(11,0,0) ) -> 0 | L52: =IF(J52="","", IFERROR( HOUR(MIN(MOD(J52,1), TIME(11,0,0))) + MINUTE(MIN(MOD(J52,1), TIME(11,0,0)))/100, HOUR(MIN(MOD(TIMEVALUE(SUBSTITUTE(J52,CHAR(160),"")),1), TIME(11,0,0))) + MINUTE(MIN(MOD(TIMEVALUE(SUBSTITUTE(J52,CHAR(160),"")),1), TIME(11,0,0)))/100 ) ) -> 11 | M52: =IF(K52="","", IFERROR( HOUR(K52)+MINUTE(K52)/100, HOUR(TIMEVALUE(SUBSTITUTE(K52,CHAR(160),""))) +MINUTE(TIMEVALUE(SUBSTITUTE(K52,CHAR(160),"")))/100 ) ) -> 0
B53: 1 | C53: =VLOOKUP(B53,Employees!A:B,2,FALSE) -> Rajat Hela | D53: 0.83333333 | G53: 0.33333333 | H53: =F53 - E53 -> 0 | I53: =G53 - D53 -> -0.5 | J53: =I53 - H53 -> -0.5 | K53: =MAX( 0, MOD( IFERROR( J53, TIMEVALUE(SUBSTITUTE(J53,CHAR(160),"")) ), 1 ) - TIME(11,0,0) ) -> 0.041666667 | L53: =IF(J53="","", IFERROR( HOUR(MIN(MOD(J53,1), TIME(11,0,0))) + MINUTE(MIN(MOD(J53,1), TIME(11,0,0)))/100, HOUR(MIN(MOD(TIMEVALUE(SUBSTITUTE(J53,CHAR(160),"")),1), TIME(11,0,0))) + MINUTE(MIN(MOD(TIMEVALUE(SUBSTITUTE(J53,CHAR(160),"")),1), TIME(11,0,0)))/100 ) ) -> 11 | M53: =IF(K53="","", IFERROR( HOUR(K53)+MINUTE(K53)/100, HOUR(TIMEVALUE(SUBSTITUTE(K53,CHAR(160),""))) +MINUTE(TIMEVALUE(SUBSTITUTE(K53,CHAR(160),"")))/100 ) ) -> 1
A54: 46077 | B54: 2 | C54: =VLOOKUP(B54,Employees!A:B,2,FALSE) -> Umesh Kumar | D54: 0.33333333 | E54: 0.54166667 | F54: 0.58333333 | G54: 0.83333333 | H54: =F54 - E54 -> 0.041666667 | I54: =G54 - D54 -> 0.5 | J54: =I54 - H54 -> 0.45833333 | K54: =MAX( 0, MOD( IFERROR( J54, TIMEVALUE(SUBSTITUTE(J54,CHAR(160),"")) ), 1 ) - TIME(11,0,0) ) -> 0 | L54: =IF(J54="","", IFERROR( HOUR(MIN(MOD(J54,1), TIME(11,0,0))) + MINUTE(MIN(MOD(J54,1), TIME(11,0,0)))/100, HOUR(MIN(MOD(TIMEVALUE(SUBSTITUTE(J54,CHAR(160),"")),1), TIME(11,0,0))) + MINUTE(MIN(MOD(TIMEVALUE(SUBSTITUTE(J54,CHAR(160),"")),1), TIME(11,0,0)))/100 ) ) -> 11 | M54: =IF(K54="","", IFERROR( HOUR(K54)+MINUTE(K54)/100, HOUR(TIMEVALUE(SUBSTITUTE(K54,CHAR(160),""))) +MINUTE(TIMEVALUE(SUBSTITUTE(K54,CHAR(160),"")))/100 ) ) -> 0
B55: 1 | C55: =VLOOKUP(B55,Employees!A:B,2,FALSE) -> Rajat Hela | D55: 0.83333333 | G55: 0.375 | H55: =F55 - E55 -> 0 | I55: =G55 - D55 -> -0.45833333 | J55: =I55 - H55 -> -0.45833333 | K55: =MAX( 0, MOD( IFERROR( J55, TIMEVALUE(SUBSTITUTE(J55,CHAR(160),"")) ), 1 ) - TIME(11,0,0) ) -> 0.083333333 | L55: =IF(J55="","", IFERROR( HOUR(MIN(MOD(J55,1), TIME(11,0,0))) + MINUTE(MIN(MOD(J55,1), TIME(11,0,0)))/100, HOUR(MIN(MOD(TIMEVALUE(SUBSTITUTE(J55,CHAR(160),"")),1), TIME(11,0,0))) + MINUTE(MIN(MOD(TIMEVALUE(SUBSTITUTE(J55,CHAR(160),"")),1), TIME(11,0,0)))/100 ) ) -> 11 | M55: =IF(K55="","", IFERROR( HOUR(K55)+MINUTE(K55)/100, HOUR(TIMEVALUE(SUBSTITUTE(K55,CHAR(160),""))) +MINUTE(TIMEVALUE(SUBSTITUTE(K55,CHAR(160),"")))/100 ) ) -> 2
A56: 46078 | G56: Wednesday | L56: =IF(J56="","", IFERROR( HOUR(MIN(MOD(J56,1), TIME(11,0,0))) + MINUTE(MIN(MOD(J56,1), TIME(11,0,0)))/100, HOUR(MIN(MOD(TIMEVALUE(SUBSTITUTE(J56,CHAR(160),"")),1), TIME(11,0,0))) + MINUTE(MIN(MOD(TIMEVALUE(SUBSTITUTE(J56,CHAR(160),"")),1), TIME(11,0,0)))/100 ) ) | M56: =IF(K56="","", IFERROR( HOUR(K56)+MINUTE(K56)/100, HOUR(TIMEVALUE(SUBSTITUTE(K56,CHAR(160),""))) +MINUTE(TIMEVALUE(SUBSTITUTE(K56,CHAR(160),"")))/100 ) )
A57: 46079 | B57: 1 | C57: =VLOOKUP(B57,Employees!A:B,2,FALSE) -> Rajat Hela | D57: 0.33333333 | E57: 0.54166667 | F57: 0.58333333 | G57: 0.83333333 | H57: =F57 - E57 -> 0.041666667 | I57: =G57 - D57 -> 0.5 | J57: =I57 - H57 -> 0.45833333 | K57: =MAX( 0, MOD( IFERROR( J57, TIMEVALUE(SUBSTITUTE(J57,CHAR(160),"")) ), 1 ) - TIME(11,0,0) ) -> 0 | L57: =IF(J57="","", IFERROR( HOUR(MIN(MOD(J57,1), TIME(11,0,0))) + MINUTE(MIN(MOD(J57,1), TIME(11,0,0)))/100, HOUR(MIN(MOD(TIMEVALUE(SUBSTITUTE(J57,CHAR(160),"")),1), TIME(11,0,0))) + MINUTE(MIN(MOD(TIMEVALUE(SUBSTITUTE(J57,CHAR(160),"")),1), TIME(11,0,0)))/100 ) ) -> 11 | M57: =IF(K57="","", IFERROR( HOUR(K57)+MINUTE(K57)/100, HOUR(TIMEVALUE(SUBSTITUTE(K57,CHAR(160),""))) +MINUTE(TIMEVALUE(SUBSTITUTE(K57,CHAR(160),"")))/100 ) ) -> 0
B58: 2 | C58: =VLOOKUP(B58,Employees!A:B,2,FALSE) -> Umesh Kumar | D58: 0.83333333 | G58: 0.33333333 | H58: =F58 - E58 -> 0 | I58: =G58 - D58 -> -0.5 | J58: =I58 - H58 -> -0.5 | K58: =MAX( 0, MOD( IFERROR( J58, TIMEVALUE(SUBSTITUTE(J58,CHAR(160),"")) ), 1 ) - TIME(11,0,0) ) -> 0.041666667 | L58: =IF(J58="","", IFERROR( HOUR(MIN(MOD(J58,1), TIME(11,0,0))) + MINUTE(MIN(MOD(J58,1), TIME(11,0,0)))/100, HOUR(MIN(MOD(TIMEVALUE(SUBSTITUTE(J58,CHAR(160),"")),1), TIME(11,0,0))) + MINUTE(MIN(MOD(TIMEVALUE(SUBSTITUTE(J58,CHAR(160),"")),1), TIME(11,0,0)))/100 ) ) -> 11 | M58: =IF(K58="","", IFERROR( HOUR(K58)+MINUTE(K58)/100, HOUR(TIMEVALUE(SUBSTITUTE(K58,CHAR(160),""))) +MINUTE(TIMEVALUE(SUBSTITUTE(K58,CHAR(160),"")))/100 ) ) -> 1
A59: 46080 | B59: 1 | C59: =VLOOKUP(B59,Employees!A:B,2,FALSE) -> Rajat Hela | D59: 0.33333333 | E59: 0.5 | F59: 0.54166667 | G59: 0.83333333 | H59: =F59 - E59 -> 0.041666667 | I59: =G59 - D59 -> 0.5 | J59: =I59 - H59 -> 0.45833333 | K59: =MAX( 0, MOD( IFERROR( J59, TIMEVALUE(SUBSTITUTE(J59,CHAR(160),"")) ), 1 ) - TIME(11,0,0) ) -> 0 | L59: =IF(J59="","", IFERROR( HOUR(MIN(MOD(J59,1), TIME(11,0,0))) + MINUTE(MIN(MOD(J59,1), TIME(11,0,0)))/100, HOUR(MIN(MOD(TIMEVALUE(SUBSTITUTE(J59,CHAR(160),"")),1), TIME(11,0,0))) + MINUTE(MIN(MOD(TIMEVALUE(SUBSTITUTE(J59,CHAR(160),"")),1), TIME(11,0,0)))/100 ) ) -> 11 | M59: =IF(K59="","", IFERROR( HOUR(K59)+MINUTE(K59)/100, HOUR(TIMEVALUE(SUBSTITUTE(K59,CHAR(160),""))) +MINUTE(TIMEVALUE(SUBSTITUTE(K59,CHAR(160),"")))/100 ) ) -> 0
B60: 2 | C60: =VLOOKUP(B60,Employees!A:B,2,FALSE) -> Umesh Kumar | D60: 0.83333333 | G60: 1 | H60: =F60 - E60 -> 0 | I60: =G60 - D60 -> 0.16666667 | J60: =I60 - H60 -> 0.16666667 | K60: =MAX( 0, MOD( IFERROR( J60, TIMEVALUE(SUBSTITUTE(J60,CHAR(160),"")) ), 1 ) - TIME(11,0,0) ) -> 0 | L60: =IF(J60="","", IFERROR( HOUR(MIN(MOD(J60,1), TIME(11,0,0))) + MINUTE(MIN(MOD(J60,1), TIME(11,0,0)))/100, HOUR(MIN(MOD(TIMEVALUE(SUBSTITUTE(J60,CHAR(160),"")),1), TIME(11,0,0))) + MINUTE(MIN(MOD(TIMEVALUE(SUBSTITUTE(J60,CHAR(160),"")),1), TIME(11,0,0)))/100 ) ) -> 4 | M60: =IF(K60="","", IFERROR( HOUR(K60)+MINUTE(K60)/100, HOUR(TIMEVALUE(SUBSTITUTE(K60,CHAR(160),""))) +MINUTE(TIMEVALUE(SUBSTITUTE(K60,CHAR(160),"")))/100 ) ) -> 0
A61: 46081 | B61: 1 | C61: =VLOOKUP(B61,Employees!A:B,2,FALSE) -> Rajat Hela | D61: 0.33333333 | E61: 0.54166667 | F61: 0.58333333 | G61: 0.83333333 | H61: =F61 - E61 -> 0.041666667 | I61: =G61 - D61 -> 0.5 | J61: =I61 - H61 -> 0.45833333 | K61: =MAX( 0, MOD( IFERROR( J61, TIMEVALUE(SUBSTITUTE(J61,CHAR(160),"")) ), 1 ) - TIME(11,0,0) ) -> 0 | L61: =IF(J61="","", IFERROR( HOUR(MIN(MOD(J61,1), TIME(11,0,0))) + MINUTE(MIN(MOD(J61,1), TIME(11,0,0)))/100, HOUR(MIN(MOD(TIMEVALUE(SUBSTITUTE(J61,CHAR(160),"")),1), TIME(11,0,0))) + MINUTE(MIN(MOD(TIMEVALUE(SUBSTITUTE(J61,CHAR(160),"")),1), TIME(11,0,0)))/100 ) ) -> 11 | M61: =IF(K61="","", IFERROR( HOUR(K61)+MINUTE(K61)/100, HOUR(TIMEVALUE(SUBSTITUTE(K61,CHAR(160),""))) +MINUTE(TIMEVALUE(SUBSTITUTE(K61,CHAR(160),"")))/100 ) ) -> 0
B62: 2 | C62: =VLOOKUP(B62,Employees!A:B,2,FALSE) -> Umesh Kumar | D62: 0.83333333 | G62: 0.33333333 | H62: =F62 - E62 -> 0 | I62: =G62 - D62 -> -0.5 | J62: =I62 - H62 -> -0.5 | K62: =MAX( 0, MOD( IFERROR( J62, TIMEVALUE(SUBSTITUTE(J62,CHAR(160),"")) ), 1 ) - TIME(11,0,0) ) -> 0.041666667 | L62: =IF(J62="","", IFERROR( HOUR(MIN(MOD(J62,1), TIME(11,0,0))) + MINUTE(MIN(MOD(J62,1), TIME(11,0,0)))/100, HOUR(MIN(MOD(TIMEVALUE(SUBSTITUTE(J62,CHAR(160),"")),1), TIME(11,0,0))) + MINUTE(MIN(MOD(TIMEVALUE(SUBSTITUTE(J62,CHAR(160),"")),1), TIME(11,0,0)))/100 ) ) -> 11 | M62: =IF(K62="","", IFERROR( HOUR(K62)+MINUTE(K62)/100, HOUR(TIMEVALUE(SUBSTITUTE(K62,CHAR(160),""))) +MINUTE(TIMEVALUE(SUBSTITUTE(K62,CHAR(160),"")))/100 ) ) -> 1
L63: =IF(J63="","", IFERROR( HOUR(MIN(MOD(J63,1), TIME(11,0,0))) + MINUTE(MIN(MOD(J63,1), TIME(11,0,0)))/100, HOUR(MIN(MOD(TIMEVALUE(SUBSTITUTE(J63,CHAR(160),"")),1), TIME(11,0,0))) + MINUTE(MIN(MOD(TIMEVALUE(SUBSTITUTE(J63,CHAR(160),"")),1), TIME(11,0,0)))/100 ) ) | M63: =IF(K63="","", IFERROR( HOUR(K63)+MINUTE(K63)/100, HOUR(TIMEVALUE(SUBSTITUTE(K63,CHAR(160),""))) +MINUTE(TIMEVALUE(SUBSTITUTE(K63,CHAR(160),"")))/100 ) )

Sheet 03-2026
A1: 46082
A5: Emp ID | B5: Employee Name | C5: Contact | D5: Department | E5: Designation | F5: Basic Salary | G5: Per Day Salary | H5: Per Hour Salary | I5: Total Hours | J5: Total OT (hrs) | K5: Salary Earned
A6: 1 | B6: =VLOOKUP(A6,Employees!A:B,2,FALSE) -> Rajat Hela | C6: =VLOOKUP(A6,Employees!A:C,3,FALSE) -> 9023270731 | D6: =VLOOKUP(A6,Employees!A:D,4,FALSE) -> Production | E6: =VLOOKUP(A6,Employees!A:E,5,FALSE) -> CNC Machine Operator | F6: =VLOOKUP(A6,Employees!A:F,6,FALSE) -> 17000 | G6: =VLOOKUP(A6,Employees!A:G,7,FALSE) -> 653.84615 | H6: =VLOOKUP(A6,Employees!A:H,8,FALSE) -> 59.440559 | I6: =SUMIFS('03-2026'!$L$10:$L$291, '03-2026'!$B$10:$B$291, $A6) -> 278.3 | J6: =SUMIFS('03-2026'!$M$10:$M$291, '03-2026'!$B$10:$B$291, $A6) -> 17 | K6: =('03-2026'!$I6+'03-2026'!$J6)*'03-2026'!$H6 -> 17552.797
A7: 2 | B7: =VLOOKUP(A7,Employees!A:B,2,FALSE) -> Umesh Kumar | C7: =VLOOKUP(A7,Employees!A:C,3,FALSE) | D7: =VLOOKUP(A7,Employees!A:D,4,FALSE) -> Production | E7: =VLOOKUP(A7,Employees!A:E,5,FALSE) -> CNC Machine Operator | F7: 18000 | G7: =VLOOKUP(A7,Employees!A:G,7,FALSE) -> 692.30769 | H7: =VLOOKUP(A7,Employees!A:H,8,FALSE) -> 62.937063 | I7: =SUMIFS('03-2026'!$L$10:$L$291, '03-2026'!$B$10:$B$291, $A7) -> 261.4 | J7: =SUMIFS('03-2026'!$M$10:$M$291, '03-2026'!$B$10:$B$291, $A7) -> 9.9 | K7: =('03-2026'!$I7+'03-2026'!$J7)*'03-2026'!$H7 -> 17074.825
A9: Date | B9: Employee ID | C9: Employee Name | D9: Check-In | E9: Break Start | F9: Break End | G9: Check-Out | H9: Total Break (hrs) | I9: Total Working (hrs) | J9: Net Working (hrs) | K9: Over Time (hrs) | L9: NW (For Calc) | M9: Ot (For Calc)
L10: =IF(J10="","", IFERROR( HOUR(J10)+MINUTE(J10)/100, HOUR(TIMEVALUE(SUBSTITUTE(J10,CHAR(160),""))) +MINUTE(TIMEVALUE(SUBSTITUTE(J10,CHAR(160),"")))/100 ) ) | M10: =IF(K10="","", IFERROR( HOUR(K10)+MINUTE(K10)/100, HOUR(TIMEVALUE(SUBSTITUTE(K10,CHAR(160),""))) +MINUTE(TIMEVALUE(SUBSTITUTE(K10,CHAR(160),"")))/100 ) )
A11: 46082 | B11: 1 | C11: =VLOOKUP(B11,Employees!A:B,2,FALSE) -> Rajat Hela | D11: 0.33333333 | E11: 0.54166667 | F11: 0.58333333 | G11: 0.83333333 | H11: =F11 - E11 -> 0.041666667 | I11: =G11 - D11 -> 0.5 | J11: =I11 - H11 -> 0.45833333 | K11: =MAX( 0, MOD( IFERROR( J11, TIMEVALUE(SUBSTITUTE(J11,CHAR(160),"")) ), 1 ) - TIME(11,0,0) ) -> 0 | L11: =IF(J11="","", IFERROR( HOUR(MIN(MOD(J11,1), TIME(11,0,0))) + MINUTE(MIN(MOD(J11,1), TIME(11,0,0)))/100, HOUR(MIN(MOD(TIMEVALUE(SUBSTITUTE(J11,CHAR(160),"")),1), TIME(11,0,0))) + MINUTE(MIN(MOD(TIMEVALUE(SUBSTITUTE(J11,CHAR(160),"")),1), TIME(11,0,0)))/100 ) ) -> 11 | M11: =IF(K11="","", IFERROR( HOUR(K11)+MINUTE(K11)/100, HOUR(TIMEVALUE(SUBSTITUTE(K11,CHAR(160),""))) +MINUTE(TIMEVALUE(SUBSTITUTE(K11,CHAR(160),"")))/100 ) ) -> 0
B12: 2 | C12: =VLOOKUP(B12,Employees!A:B,2,FALSE) -> Umesh Kumar | D12: 0.83333333 | G12: 0.33333333 | H12: =F12 - E12 -> 0 | I12: =G12 - D12 -> -0.5 | J12: =I12 - H12 -> -0.5 | K12: =MAX( 0, MOD( IFERROR( J12, TIMEVALUE(SUBSTITUTE(J12,CHAR(160),"")) ), 1 ) - TIME(11,0,0) ) -> 0.041666667 | L12: =IF(J12="","", IFERROR( HOUR(MIN(MOD(J12,1), TIME(11,0,0))) + MINUTE(MIN(MOD(J12,1), TIME(11,0,0)))/100, HOUR(MIN(MOD(TIMEVALUE(SUBSTITUTE(J12,CHAR(160),"")),1), TIME(11,0,0))) + MINUTE(MIN(MOD(TIMEVALUE(SUBSTITUTE(J12,CHAR(160),"")),1), TIME(11,0,0)))/100 ) ) -> 11 | M12: =IF(K12="","", IFERROR( HOUR(K12)+MINUTE(K12)/100, HOUR(TIMEVALUE(SUBSTITUTE(K12,CHAR(160),""))) +MINUTE(TIMEVALUE(SUBSTITUTE(K12,CHAR(160),"")))/100 ) ) -> 1
A13: 46083 | B13: 1 | C13: =VLOOKUP(B13,Employees!A:B,2,FALSE) -> Rajat Hela | D13: 0.33333333 | E13: 0.54166667 | F13: 0.58333333 | G13: 0.83333333 | H13: =F13 - E13 -> 0.041666667 | I13: =G13 - D13 -> 0.5 | J13: =I13 - H13 -> 0.45833333 | K13: =MAX( 0, MOD( IFERROR( J13, TIMEVALUE(SUBSTITUTE(J13,CHAR(160),"")) ), 1 ) - TIME(11,0,0) ) -> 0 | L13: =IF(J13="","", IFERROR( HOUR(MIN(MOD(J13,1), TIME(11,0,0))) + MINUTE(MIN(MOD(J13,1), TIME(11,0,0)))/100, HOUR(MIN(MOD(TIMEVALUE(SUBSTITUTE(J13,CHAR(160),"")),1), TIME(11,0,0))) + MINUTE(MIN(MOD(TIMEVALUE(SUBSTITUTE(J13,CHAR(160),"")),1), TIME(11,0,0)))/100 ) ) -> 11 | M13: =IF(K13="","", IFERROR( HOUR(K13)+MINUTE(K13)/100, HOUR(TIMEVALUE(SUBSTITUTE(K13,CHAR(160),""))) +MINUTE(TIMEVALUE(SUBSTITUTE(K13,CHAR(160),"")))/100 ) ) -> 0
B14: 2 | C14: =VLOOKUP(B14,Employees!A:B,2,FALSE) -> Umesh Kumar | D14: 0.83333333 | G14: 0.33333333 | H14: =F14 - E14 -> 0 | I14: =G14 - D14 -> -0.5 | J14: =I14 - H14 -> -0.5 | K14: =MAX( 0, MOD( IFERROR( J14, TIMEVALUE(SUBSTITUTE(J14,CHAR(160),"")) ), 1 ) - TIME(11,0,0) ) -> 0.041666667 | L14: =IF(J14="","", IFERROR( HOUR(MIN(MOD(J14,1), TIME(11,0,0))) + MINUTE(MIN(MOD(J14,1), TIME(11,0,0)))/100, HOUR(MIN(MOD(TIMEVALUE(SUBSTITUTE(J14,CHAR(160),"")),1), TIME(11,0,0))) + MINUTE(MIN(MOD(TIMEVALUE(SUBSTITUTE(J14,CHAR(160),"")),1), TIME(11,0,0)))/100 ) ) -> 11 | M14: =IF(K14="","", IFERROR( HOUR(K14)+MINUTE(K14)/100, HOUR(TIMEVALUE(SUBSTITUTE(K14,CHAR(160),""))) +MINUTE(TIMEVALUE(SUBSTITUTE(K14,CHAR(160),"")))/100 ) ) -> 1
A15: 46084 | B15: 1 | C15: =VLOOKUP(B15,Employees!A:B,2,FALSE) -> Rajat Hela | D15: 0.33333333 | E15: 0.55208333 | F15: 0.59375 | G15: 0.70833333 | H15: =F15 - E15 -> 0.041666667 | I15: =G15 - D15 -> 0.375 | J15: =I15 - H15 -> 0.33333333 | K15: =MAX( 0, MOD( IFERROR( J15, TIMEVALUE(SUBSTITUTE(J15,CHAR(160),"")) ), 1 ) - TIME(11,0,0) ) -> 0 | L15: =IF(J15="","", IFERROR( HOUR(MIN(MOD(J15,1), TIME(11,0,0))) + MINUTE(MIN(MOD(J15,1), TIME(11,0,0)))/100, HOUR(MIN(MOD(TIMEVALUE(SUBSTITUTE(J15,CHAR(160),"")),1), TIME(11,0,0))) + MINUTE(MIN(MOD(TIMEVALUE(SUBSTITUTE(J15,CHAR(160),"")),1), TIME(11,0,0)))/100 ) ) -> 8 | M15: =IF(K15="","", IFERROR( HOUR(K15)+MINUTE(K15)/100, HOUR(TIMEVALUE(SUBSTITUTE(K15,CHAR(160),""))) +MINUTE(TIMEVALUE(SUBSTITUTE(K15,CHAR(160),"")))/100 ) ) -> 0
B16: 2 | C16: =VLOOKUP(B16,Employees!A:B,2,FALSE) -> Umesh Kumar | D16: 0.70833333 | G16: 0.25 | H16: =F16 - E16 -> 0 | I16: =G16 - D16 -> -0.45833333 | J16: =I16 - H16 -> -0.45833333 | K16: =MAX( 0, MOD( IFERROR( J16, TIMEVALUE(SUBSTITUTE(J16,CHAR(160),"")) ), 1 ) - TIME(11,0,0) ) -> 0.083333333 | L16: =IF(J16="","", IFERROR( HOUR(MIN(MOD(J16,1), TIME(11,0,0))) + MINUTE(MIN(MOD(J16,1), TIME(11,0,0)))/100, HOUR(MIN(MOD(TIMEVALUE(SUBSTITUTE(J16,CHAR(160),"")),1), TIME(11,0,0))) + MINUTE(MIN(MOD(TIMEVALUE(SUBSTITUTE(J16,CHAR(160),"")),1), TIME(11,0,0)))/100 ) ) -> 11 | M16: =IF(K16="","", IFERROR( HOUR(K16)+MINUTE(K16)/100, HOUR(TIMEVALUE(SUBSTITUTE(K16,CHAR(160),""))) +MINUTE(TIMEVALUE(SUBSTITUTE(K16,CHAR(160),"")))/100 ) ) -> 2
A17: 46085 | G17: Wednesday | L17: =IF(J17="","", IFERROR( HOUR(MIN(MOD(J17,1), TIME(11,0,0))) + MINUTE(MIN(MOD(J17,1), TIME(11,0,0)))/100, HOUR(MIN(MOD(TIMEVALUE(SUBSTITUTE(J17,CHAR(160),"")),1), TIME(11,0,0))) + MINUTE(MIN(MOD(TIMEVALUE(SUBSTITUTE(J17,CHAR(160),"")),1), TIME(11,0,0)))/100 ) ) | M17: =IF(K17="","", IFERROR( HOUR(K17)+MINUTE(K17)/100, HOUR(TIMEVALUE(SUBSTITUTE(K17,CHAR(160),""))) +MINUTE(TIMEVALUE(SUBSTITUTE(K17,CHAR(160),"")))/100 ) )
A18: 46086 | B18: 2 | C18: =VLOOKUP(B18,Employees!A:B,2,FALSE) -> Umesh Kumar | D18: 0.375 | E18: 0.54166667 | F18: 0.625 | G18: 0.83333333 | H18: =F18 - E18 -> 0.083333333 | I18: =G18 - D18 -> 0.45833333 | J18: =I18 - H18 -> 0.375 | K18: =MAX( 0, MOD( IFERROR( J18, TIMEVALUE(SUBSTITUTE(J18,CHAR(160),"")) ), 1 ) - TIME(11,0,0) ) -> 0 | L18: =IF(J18="","", IFERROR( HOUR(MIN(MOD(J18,1), TIME(11,0,0))) + MINUTE(MIN(MOD(J18,1), TIME(11,0,0)))/100, HOUR(MIN(MOD(TIMEVALUE(SUBSTITUTE(J18,CHAR(160),"")),1), TIME(11,0,0))) + MINUTE(MIN(MOD(TIMEVALUE(SUBSTITUTE(J18,CHAR(160),"")),1), TIME(11,0,0)))/100 ) ) -> 9 | M18: =IF(K18="","", IFERROR( HOUR(K18)+MINUTE(K18)/100, HOUR(TIMEVALUE(SUBSTITUTE(K18,CHAR(160),""))) +MINUTE(TIMEVALUE(SUBSTITUTE(K18,CHAR(160),"")))/100 ) ) -> 0
B19: 1 | C19: =VLOOKUP(B19,Employees!A:B,2,FALSE) -> Rajat Hela | D19: 0.83333333 | G19: 0.33333333 | H19: =F19 - E19 -> 0 | I19: =G19 - D19 -> -0.5 | J19: =I19 - H19 -> -0.5 | K19: =MAX( 0, MOD( IFERROR( J19, TIMEVALUE(SUBSTITUTE(J19,CHAR(160),"")) ), 1 ) - TIME(11,0,0) ) -> 0.041666667 | L19: =IF(J19="","", IFERROR( HOUR(MIN(MOD(J19,1), TIME(11,0,0))) + MINUTE(MIN(MOD(J19,1), TIME(11,0,0)))/100, HOUR(MIN(MOD(TIMEVALUE(SUBSTITUTE(J19,CHAR(160),"")),1), TIME(11,0,0))) + MINUTE(MIN(MOD(TIMEVALUE(SUBSTITUTE(J19,CHAR(160),"")),1), TIME(11,0,0)))/100 ) ) -> 11 | M19: =IF(K19="","", IFERROR( HOUR(K19)+MINUTE(K19)/100, HOUR(TIMEVALUE(SUBSTITUTE(K19,CHAR(160),""))) +MINUTE(TIMEVALUE(SUBSTITUTE(K19,CHAR(160),"")))/100 ) ) -> 1
A20: 46087 | B20: 2 | C20: =VLOOKUP(B20,Employees!A:B,2,FALSE) -> Umesh Kumar | D20: 0.33333333 | E20: 0.54166667 | F20: 0.58333333 | G20: 0.83333333 | H20: =F20 - E20 -> 0.041666667 | I20: =G20 - D20 -> 0.5 | J20: =I20 - H20 -> 0.45833333 | K20: =MAX( 0, MOD( IFERROR( J20, TIMEVALUE(SUBSTITUTE(J20,CHAR(160),"")) ), 1 ) - TIME(11,0,0) ) -> 0 | L20: =IF(J20="","", IFERROR( HOUR(MIN(MOD(J20,1), TIME(11,0,0))) + MINUTE(MIN(MOD(J20,1), TIME(11,0,0)))/100, HOUR(MIN(MOD(TIMEVALUE(SUBSTITUTE(J20,CHAR(160),"")),1), TIME(11,0,0))) + MINUTE(MIN(MOD(TIMEVALUE(SUBSTITUTE(J20,CHAR(160),"")),1), TIME(11,0,0)))/100 ) ) -> 11 | M20: =IF(K20="","", IFERROR( HOUR(K20)+MINUTE(K20)/100, HOUR(TIMEVALUE(SUBSTITUTE(K20,CHAR(160),""))) +MINUTE(TIMEVALUE(SUBSTITUTE(K20,CHAR(160),"")))/100 ) ) -> 0
B21: 2 | C21: =VLOOKUP(B21,Employees!A:B,2,FALSE) -> Umesh Kumar | D21: 0.88194444 | G21: 0.048611111 | H21: =F21 - E21 -> 0 | I21: =G21 - D21 -> -0.83333333 | J21: =I21 - H21 -> -0.83333333 | K21: =MAX( 0, MOD( IFERROR( J21, TIMEVALUE(SUBSTITUTE(J21,CHAR(160),"")) ), 1 ) - TIME(11,0,0) ) -> 0 | L21: =IF(J21="","", IFERROR( HOUR(MIN(MOD(J21,1), TIME(11,0,0))) + MINUTE(MIN(MOD(J21,1), TIME(11,0,0)))/100, HOUR(MIN(MOD(TIMEVALUE(SUBSTITUTE(J21,CHAR(160),"")),1), TIME(11,0,0))) + MINUTE(MIN(MOD(TIMEVALUE(SUBSTITUTE(J21,CHAR(160),"")),1), TIME(11,0,0)))/100 ) ) -> 4 | M21: =IF(K21="","", IFERROR( HOUR(K21)+MINUTE(K21)/100, HOUR(TIMEVALUE(SUBSTITUTE(K21,CHAR(160),""))) +MINUTE(TIMEVALUE(SUBSTITUTE(K21,CHAR(160),"")))/100 ) ) -> 0
A22: 46088 | B22: 2 | C22: =VLOOKUP(B22,Employees!A:B,2,FALSE) -> Umesh Kumar | D22: 0.35416667 | E22: 0.54166667 | F22: 0.58333333 | G22: 0.83333333 | H22: =F22 - E22 -> 0.041666667 | I22: =G22 - D22 -> 0.47916667 | J22: =I22 - H22 -> 0.4375 | K22: =MAX( 0, MOD( IFERROR( J22, TIMEVALUE(SUBSTITUTE(J22,CHAR(160),"")) ), 1 ) - TIME(11,0,0) ) -> 0 | L22: =IF(J22="","", IFERROR( HOUR(MIN(MOD(J22,1), TIME(11,0,0))) + MINUTE(MIN(MOD(J22,1), TIME(11,0,0)))/100, HOUR(MIN(MOD(TIMEVALUE(SUBSTITUTE(J22,CHAR(160),"")),1), TIME(11,0,0))) + MINUTE(MIN(MOD(TIMEVALUE(SUBSTITUTE(J22,CHAR(160),"")),1), TIME(11,0,0)))/100 ) ) -> 10.3 | M22: =IF(K22="","", IFERROR( HOUR(K22)+MINUTE(K22)/100, HOUR(TIMEVALUE(SUBSTITUTE(K22,CHAR(160),""))) +MINUTE(TIMEVALUE(SUBSTITUTE(K22,CHAR(160),"")))/100 ) ) -> 0
B23: 1 | C23: =VLOOKUP(B23,Employees!A:B,2,FALSE) -> Rajat Hela | D23: 0.83333333 | G23: 0.33333333 | H23: =F23 - E23 -> 0 | I23: =G23 - D23 -> -0.5 | J23: =I23 - H23 -> -0.5 | K23: =MAX( 0, MOD( IFERROR( J23, TIMEVALUE(SUBSTITUTE(J23,CHAR(160),"")) ), 1 ) - TIME(11,0,0) ) -> 0.041666667 | L23: =IF(J23="","", IFERROR( HOUR(MIN(MOD(J23,1), TIME(11,0,0))) + MINUTE(MIN(MOD(J23,1), TIME(11,0,0)))/100, HOUR(MIN(MOD(TIMEVALUE(SUBSTITUTE(J23,CHAR(160),"")),1), TIME(11,0,0))) + MINUTE(MIN(MOD(TIMEVALUE(SUBSTITUTE(J23,CHAR(160),"")),1), TIME(11,0,0)))/100 ) ) -> 11 | M23: =IF(K23="","", IFERROR( HOUR(K23)+MINUTE(K23)/100, HOUR(TIMEVALUE(SUBSTITUTE(K23,CHAR(160),""))) +MINUTE(TIMEVALUE(SUBSTITUTE(K23,CHAR(160),"")))/100 ) ) -> 1
A24: 46089 | B24: 2 | C24: =VLOOKUP(B24,Employees!A:B,2,FALSE) -> Umesh Kumar | D24: 0.33333333 | E24: 0.54166667 | F24: 0.58333333 | G24: 0.83333333 | H24: =F24 - E24 -> 0.041666667 | I24: =G24 - D24 -> 0.5 | J24: =I24 - H24 -> 0.45833333 | K24: =MAX( 0, MOD( IFERROR( J24, TIMEVALUE(SUBSTITUTE(J24,CHAR(160),"")) ), 1 ) - TIME(11,0,0) ) -> 0 | L24: =IF(J24="","", IFERROR( HOUR(MIN(MOD(J24,1), TIME(11,0,0))) + MINUTE(MIN(MOD(J24,1), TIME(11,0,0)))/100, HOUR(MIN(MOD(TIMEVALUE(SUBSTITUTE(J24,CHAR(160),"")),1), TIME(11,0,0))) + MINUTE(MIN(MOD(TIMEVALUE(SUBSTITUTE(J24,CHAR(160),"")),1), TIME(11,0,0)))/100 ) ) -> 11 | M24: =IF(K24="","", IFERROR( HOUR(K24)+MINUTE(K24)/100, HOUR(TIMEVALUE(SUBSTITUTE(K24,CHAR(160),""))) +MINUTE(TIMEVALUE(SUBSTITUTE(K24,CHAR(160),"")))/100 ) ) -> 0
B25: 1 | C25: =VLOOKUP(B25,Employees!A:B,2,FALSE) -> Rajat Hela | D25: 0.83333333 | G25: 0.33333333 | H25: =F25 - E25 -> 0 | I25: =G25 - D25 -> -0.5 | J25: =I25 - H25 -> -0.5 | K25: =MAX( 0, MOD( IFERROR( J25, TIMEVALUE(SUBSTITUTE(J25,CHAR(160),"")) ), 1 ) - TIME(11,0,0) ) -> 0.041666667 | L25: =IF(J25="","", IFERROR( HOUR(MIN(MOD(J25,1), TIME(11,0,0))) + MINUTE(MIN(MOD(J25,1), TIME(11,0,0)))/100, HOUR(MIN(MOD(TIMEVALUE(SUBSTITUTE(J25,CHAR(160),"")),1), TIME(11,0,0))) + MINUTE(MIN(MOD(TIMEVALUE(SUBSTITUTE(J25,CHAR(160),"")),1), TIME(11,0,0)))/100 ) ) -> 11 | M25: =IF(K25="","", IFERROR( HOUR(K25)+MINUTE(K25)/100, HOUR(TIMEVALUE(SUBSTITUTE(K25,CHAR(160),""))) +MINUTE(TIMEVALUE(SUBSTITUTE(K25,CHAR(160),"")))/100 ) ) -> 1
A26: 46090 | B26: 2 | C26: =VLOOKUP(B26,Employees!A:B,2,FALSE) -> Umesh Kumar | D26: 0.33333333 | E26: 0.57291667 | F26: 0.61458333 | G26: 0.83333333 | H26: =F26 - E26 -> 0.041666667 | I26: =G26 - D26 -> 0.5 | J26: =I26 - H26 -> 0.45833333 | K26: =MAX( 0, MOD( IFERROR( J26, TIMEVALUE(SUBSTITUTE(J26,CHAR(160),"")) ), 1 ) - TIME(11,0,0) ) -> 0 | L26: =IF(J26="","", IFERROR( HOUR(MIN(MOD(J26,1), TIME(11,0,0))) + MINUTE(MIN(MOD(J26,1), TIME(11,0,0)))/100, HOUR(MIN(MOD(TIMEVALUE(SUBSTITUTE(J26,CHAR(160),"")),1), TIME(11,0,0))) + MINUTE(MIN(MOD(TIMEVALUE(SUBSTITUTE(J26,CHAR(160),"")),1), TIME(11,0,0)))/100 ) ) -> 11 | M26: =IF(K26="","", IFERROR( HOUR(K26)+MINUTE(K26)/100, HOUR(TIMEVALUE(SUBSTITUTE(K26,CHAR(160),""))) +MINUTE(TIMEVALUE(SUBSTITUTE(K26,CHAR(160),"")))/100 ) ) -> 0
B27: 1 | C27: =VLOOKUP(B27,Employees!A:B,2,FALSE) -> Rajat Hela | D27: 0.83333333 | G27: 0.33333333 | H27: =F27 - E27 -> 0 | I27: =G27 - D27 -> -0.5 | J27: =I27 - H27 -> -0.5 | K27: =MAX( 0, MOD( IFERROR( J27, TIMEVALUE(SUBSTITUTE(J27,CHAR(160),"")) ), 1 ) - TIME(11,0,0) ) -> 0.041666667 | L27: =IF(J27="","", IFERROR( HOUR(MIN(MOD(J27,1), TIME(11,0,0))) + MINUTE(MIN(MOD(J27,1), TIME(11,0,0)))/100, HOUR(MIN(MOD(TIMEVALUE(SUBSTITUTE(J27,CHAR(160),"")),1), TIME(11,0,0))) + MINUTE(MIN(MOD(TIMEVALUE(SUBSTITUTE(J27,CHAR(160),"")),1), TIME(11,0,0)))/100 ) ) -> 11 | M27: =IF(K27="","", IFERROR( HOUR(K27)+MINUTE(K27)/100, HOUR(TIMEVALUE(SUBSTITUTE(K27,CHAR(160),""))) +MINUTE(TIMEVALUE(SUBSTITUTE(K27,CHAR(160),"")))/100 ) ) -> 1
A28: 46091 | B28: 2 | C28: =VLOOKUP(B28,Employees!A:B,2,FALSE) -> Umesh Kumar | D28: 0.33333333 | E28: 0.54166667 | F28: 0.58333333 | G28: 0.83333333 | H28: =F28 - E28 -> 0.041666667 | I28: 0.5 | J28: =I28 - H28 -> 0.45833333 | K28: =MAX( 0, MOD( IFERROR( J28, TIMEVALUE(SUBSTITUTE(J28,CHAR(160),"")) ), 1 ) - TIME(11,0,0) ) -> 0 | L28: =IF(J28="","", IFERROR( HOUR(MIN(MOD(J28,1), TIME(11,0,0))) + MINUTE(MIN(MOD(J28,1), TIME(11,0,0)))/100, HOUR(MIN(MOD(TIMEVALUE(SUBSTITUTE(J28,CHAR(160),"")),1), TIME(11,0,0))) + MINUTE(MIN(MOD(TIMEVALUE(SUBSTITUTE(J28,CHAR(160),"")),1), TIME(11,0,0)))/100 ) ) -> 11 | M28: =IF(K28="","", IFERROR( HOUR(K28)+MINUTE(K28)/100, HOUR(TIMEVALUE(SUBSTITUTE(K28,CHAR(160),""))) +MINUTE(TIMEVALUE(SUBSTITUTE(K28,CHAR(160),"")))/100 ) ) -> 0
B29: 1 | C29: =VLOOKUP(B29,Employees!A:B,2,FALSE) -> Rajat Hela | D29: 0.83333333 | G29: 0.33333333 | H29: =F29 - E29 -> 0 | I29: =G29 - D29 -> -0.5 | J29: =I29 - H29 -> -0.5 | K29: =MAX( 0, MOD( IFERROR( J29, TIMEVALUE(SUBSTITUTE(J29,CHAR(160),"")) ), 1 ) - TIME(11,0,0) ) -> 0.041666667 | L29: =IF(J29="","", IFERROR( HOUR(MIN(MOD(J29,1), TIME(11,0,0))) + MINUTE(MIN(MOD(J29,1), TIME(11,0,0)))/100, HOUR(MIN(MOD(TIMEVALUE(SUBSTITUTE(J29,CHAR(160),"")),1), TIME(11,0,0))) + MINUTE(MIN(MOD(TIMEVALUE(SUBSTITUTE(J29,CHAR(160),"")),1), TIME(11,0,0)))/100 ) ) -> 11 | M29: =IF(K29="","", IFERROR( HOUR(K29)+MINUTE(K29)/100, HOUR(TIMEVALUE(SUBSTITUTE(K29,CHAR(160),""))) +MINUTE(TIMEVALUE(SUBSTITUTE(K29,CHAR(160),"")))/100 ) ) -> 1
A30: 46092 | G30: Wednesday | L30: =IF(J30="","", IFERROR( HOUR(MIN(MOD(J30,1), TIME(11,0,0))) + MINUTE(MIN(MOD(J30,1), TIME(11,0,0)))/100, HOUR(MIN(MOD(TIMEVALUE(SUBSTITUTE(J30,CHAR(160),"")),1), TIME(11,0,0))) + MINUTE(MIN(MOD(TIMEVALUE(SUBSTITUTE(J30,CHAR(160),"")),1), TIME(11,0,0)))/100 ) ) | M30: =IF(K30="","", IFERROR( HOUR(K30)+MINUTE(K30)/100, HOUR(TIMEVALUE(SUBSTITUTE(K30,CHAR(160),""))) +MINUTE(TIMEVALUE(SUBSTITUTE(K30,CHAR(160),"")))/100 ) )
A31: 46093 | B31: 1 | C31: =VLOOKUP(B31,Employees!A:B,2,FALSE) -> Rajat Hela | D31: 0.33333333 | E31: 0.54166667 | F31: 0.58333333 | G31: 0.83333333 | H31: =F31 - E31 -> 0.041666667 | I31: =G31 - D31 -> 0.5 | J31: =I31 - H31 -> 0.45833333 | K31: =MAX( 0, MOD( IFERROR( J31, TIMEVALUE(SUBSTITUTE(J31,CHAR(160),"")) ), 1 ) - TIME(11,0,0) ) -> 0 | L31: =IF(J31="","", IFERROR( HOUR(MIN(MOD(J31,1), TIME(11,0,0))) + MINUTE(MIN(MOD(J31,1), TIME(11,0,0)))/100, HOUR(MIN(MOD(TIMEVALUE(SUBSTITUTE(J31,CHAR(160),"")),1), TIME(11,0,0))) + MINUTE(MIN(MOD(TIMEVALUE(SUBSTITUTE(J31,CHAR(160),"")),1), TIME(11,0,0)))/100 ) ) -> 11 | M31: =IF(K31="","", IFERROR( HOUR(K31)+MINUTE(K31)/100, HOUR(TIMEVALUE(SUBSTITUTE(K31,CHAR(160),""))) +MINUTE(TIMEVALUE(SUBSTITUTE(K31,CHAR(160),"")))/100 ) ) -> 0
B32: 2 | C32: =VLOOKUP(B32,Employees!A:B,2,FALSE) -> Umesh Kumar | D32: 0.83333333 | G32: 0.3125 | H32: =F32 - E32 -> 0 | I32: =G32 - D32 -> -0.52083333 | J32: =I32 - H32 -> -0.52083333 | K32: =MAX( 0, MOD( IFERROR( J32, TIMEVALUE(SUBSTITUTE(J32,CHAR(160),"")) ), 1 ) - TIME(11,0,0) ) -> 0.020833333 | L32: =IF(J32="","", IFERROR( HOUR(MIN(MOD(J32,1), TIME(11,0,0))) + MINUTE(MIN(MOD(J32,1), TIME(11,0,0)))/100, HOUR(MIN(MOD(TIMEVALUE(SUBSTITUTE(J32,CHAR(160),"")),1), TIME(11,0,0))) + MINUTE(MIN(MOD(TIMEVALUE(SUBSTITUTE(J32,CHAR(160),"")),1), TIME(11,0,0)))/100 ) ) -> 11 | M32: =IF(K32="","", IFERROR( HOUR(K32)+MINUTE(K32)/100, HOUR(TIMEVALUE(SUBSTITUTE(K32,CHAR(160),""))) +MINUTE(TIMEVALUE(SUBSTITUTE(K32,CHAR(160),"")))/100 ) ) -> 0.3
A33: 46094 | B33: 1 | C33: =VLOOKUP(B33,Employees!A:B,2,FALSE) -> Rajat Hela | D33: 0.33333333 | E33: 0.54166667 | F33: 0.58333333 | G33: 0.77083333 | H33: =F33 - E33 -> 0.041666667 | I33: =G33 - D33 -> 0.4375 | J33: =I33 - H33 -> 0.39583333 | K33: =MAX( 0, MOD( IFERROR( J33, TIMEVALUE(SUBSTITUTE(J33,CHAR(160),"")) ), 1 ) - TIME(11,0,0) ) -> 0 | L33: =IF(J33="","", IFERROR( HOUR(MIN(MOD(J33,1), TIME(11,0,0))) + MINUTE(MIN(MOD(J33,1), TIME(11,0,0)))/100, HOUR(MIN(MOD(TIMEVALUE(SUBSTITUTE(J33,CHAR(160),"")),1), TIME(11,0,0))) + MINUTE(MIN(MOD(TIMEVALUE(SUBSTITUTE(J33,CHAR(160),"")),1), TIME(11,0,0)))/100 ) ) -> 9.3 | M33: =IF(K33="","", IFERROR( HOUR(K33)+MINUTE(K33)/100, HOUR(TIMEVALUE(SUBSTITUTE(K33,CHAR(160),""))) +MINUTE(TIMEVALUE(SUBSTITUTE(K33,CHAR(160),"")))/100 ) ) -> 0
B34: 2 | C34: =VLOOKUP(B34,Employees!A:B,2,FALSE) -> Umesh Kumar | D34: 0.77083333 | G34: 0.33333333 | H34: =F34 - E34 -> 0 | I34: =G34 - D34 -> -0.4375 | J34: =I34 - H34 -> -0.4375 | K34: =MAX( 0, MOD( IFERROR( J34, TIMEVALUE(SUBSTITUTE(J34,CHAR(160),"")) ), 1 ) - TIME(11,0,0) ) -> 0.10416667 | L34: =IF(J34="","", IFERROR( HOUR(MIN(MOD(J34,1), TIME(11,0,0))) + MINUTE(MIN(MOD(J34,1), TIME(11,0,0)))/100, HOUR(MIN(MOD(TIMEVALUE(SUBSTITUTE(J34,CHAR(160),"")),1), TIME(11,0,0))) + MINUTE(MIN(MOD(TIMEVALUE(SUBSTITUTE(J34,CHAR(160),"")),1), TIME(11,0,0)))/100 ) ) -> 11 | M34: =IF(K34="","", IFERROR( HOUR(K34)+MINUTE(K34)/100, HOUR(TIMEVALUE(SUBSTITUTE(K34,CHAR(160),""))) +MINUTE(TIMEVALUE(SUBSTITUTE(K34,CHAR(160),"")))/100 ) ) -> 2.3
A35: 46095 | B35: 1 | C35: =VLOOKUP(B35,Employees!A:B,2,FALSE) -> Rajat Hela | D35: 0.33333333 | E35: 0.54166667 | F35: 0.58333333 | G35: 0.83333333 | H35: =F35 - E35 -> 0.041666667 | I35: =G35 - D35 -> 0.5 | J35: =I35 - H35 -> 0.45833333 | K35: =MAX( 0, MOD( IFERROR( J35, TIMEVALUE(SUBSTITUTE(J35,CHAR(160),"")) ), 1 ) - TIME(11,0,0) ) -> 0 | L35: =IF(J35="","", IFERROR( HOUR(MIN(MOD(J35,1), TIME(11,0,0))) + MINUTE(MIN(MOD(J35,1), TIME(11,0,0)))/100, HOUR(MIN(MOD(TIMEVALUE(SUBSTITUTE(J35,CHAR(160),"")),1), TIME(11,0,0))) + MINUTE(MIN(MOD(TIMEVALUE(SUBSTITUTE(J35,CHAR(160),"")),1), TIME(11,0,0)))/100 ) ) -> 11 | M35: =IF(K35="","", IFERROR( HOUR(K35)+MINUTE(K35)/100, HOUR(TIMEVALUE(SUBSTITUTE(K35,CHAR(160),""))) +MINUTE(TIMEVALUE(SUBSTITUTE(K35,CHAR(160),"")))/100 ) ) -> 0
B36: 2 | C36: =VLOOKUP(B36,Employees!A:B,2,FALSE) -> Umesh Kumar | D36: 0.83333333 | G36: 0.20833333 | H36: =F36 - E36 -> 0 | I36: =G36 - D36 -> -0.625 | J36: =I36 - H36 -> -0.625 | K36: =MAX( 0, MOD( IFERROR( J36, TIMEVALUE(SUBSTITUTE(J36,CHAR(160),"")) ), 1 ) - TIME(11,0,0) ) -> 0 | L36: =IF(J36="","", IFERROR( HOUR(MIN(MOD(J36,1), TIME(11,0,0))) + MINUTE(MIN(MOD(J36,1), TIME(11,0,0)))/100, HOUR(MIN(MOD(TIMEVALUE(SUBSTITUTE(J36,CHAR(160),"")),1), TIME(11,0,0))) + MINUTE(MIN(MOD(TIMEVALUE(SUBSTITUTE(J36,CHAR(160),"")),1), TIME(11,0,0)))/100 ) ) -> 9 | M36: =IF(K36="","", IFERROR( HOUR(K36)+MINUTE(K36)/100, HOUR(TIMEVALUE(SUBSTITUTE(K36,CHAR(160),""))) +MINUTE(TIMEVALUE(SUBSTITUTE(K36,CHAR(160),"")))/100 ) ) -> 0
A37: 46096 | B37: 1 | C37: =VLOOKUP(B37,Employees!A:B,2,FALSE) -> Rajat Hela | D37: 0.33333333 | E37: 0.54166667 | F37: 0.58333333 | G37: 0.83333333 | H37: =F37 - E37 -> 0.041666667 | I37: =G37 - D37 -> 0.5 | J37: =I37 - H37 -> 0.45833333 | K37: =MAX( 0, MOD( IFERROR( J37, TIMEVALUE(SUBSTITUTE(J37,CHAR(160),"")) ), 1 ) - TIME(11,0,0) ) -> 0 | L37: =IF(J37="","", IFERROR( HOUR(MIN(MOD(J37,1), TIME(11,0,0))) + MINUTE(MIN(MOD(J37,1), TIME(11,0,0)))/100, HOUR(MIN(MOD(TIMEVALUE(SUBSTITUTE(J37,CHAR(160),"")),1), TIME(11,0,0))) + MINUTE(MIN(MOD(TIMEVALUE(SUBSTITUTE(J37,CHAR(160),"")),1), TIME(11,0,0)))/100 ) ) -> 11 | M37: =IF(K37="","", IFERROR( HOUR(K37)+MINUTE(K37)/100, HOUR(TIMEVALUE(SUBSTITUTE(K37,CHAR(160),""))) +MINUTE(TIMEVALUE(SUBSTITUTE(K37,CHAR(160),"")))/100 ) ) -> 0
B38: 2 | C38: =VLOOKUP(B38,Employees!A:B,2,FALSE) -> Umesh Kumar | D38: 0.83333333 | G38: 0.33333333 | H38: =F38 - E38 -> 0 | I38: =G38 - D38 -> -0.5 | J38: =I38 - H38 -> -0.5 | K38: =MAX( 0, MOD( IFERROR( J38, TIMEVALUE(SUBSTITUTE(J38,CHAR(160),"")) ), 1 ) - TIME(11,0,0) ) -> 0.041666667 | L38: =IF(J38="","", IFERROR( HOUR(MIN(MOD(J38,1), TIME(11,0,0))) + MINUTE(MIN(MOD(J38,1), TIME(11,0,0)))/100, HOUR(MIN(MOD(TIMEVALUE(SUBSTITUTE(J38,CHAR(160),"")),1), TIME(11,0,0))) + MINUTE(MIN(MOD(TIMEVALUE(SUBSTITUTE(J38,CHAR(160),"")),1), TIME(11,0,0)))/100 ) ) -> 11 | M38: =IF(K38="","", IFERROR( HOUR(K38)+MINUTE(K38)/100, HOUR(TIMEVALUE(SUBSTITUTE(K38,CHAR(160),""))) +MINUTE(TIMEVALUE(SUBSTITUTE(K38,CHAR(160),"")))/100 ) ) -> 1
A39: 46097 | B39: 1 | C39: =VLOOKUP(B39,Employees!A:B,2,FALSE) -> Rajat Hela | D39: 0.33333333 | E39: 0.54166667 | F39: 0.58333333 | G39: 0.83333333 | H39: =F39 - E39 -> 0.041666667 | I39: =G39 - D39 -> 0.5 | J39: =I39 - H39 -> 0.45833333 | K39: =MAX( 0, MOD( IFERROR( J39, TIMEVALUE(SUBSTITUTE(J39,CHAR(160),"")) ), 1 ) - TIME(11,0,0) ) -> 0 | L39: =IF(J39="","", IFERROR( HOUR(MIN(MOD(J39,1), TIME(11,0,0))) + MINUTE(MIN(MOD(J39,1), TIME(11,0,0)))/100, HOUR(MIN(MOD(TIMEVALUE(SUBSTITUTE(J39,CHAR(160),"")),1), TIME(11,0,0))) + MINUTE(MIN(MOD(TIMEVALUE(SUBSTITUTE(J39,CHAR(160),"")),1), TIME(11,0,0)))/100 ) ) -> 11 | M39: =IF(K39="","", IFERROR( HOUR(K39)+MINUTE(K39)/100, HOUR(TIMEVALUE(SUBSTITUTE(K39,CHAR(160),""))) +MINUTE(TIMEVALUE(SUBSTITUTE(K39,CHAR(160),"")))/100 ) ) -> 0
B40: 2 | C40: =VLOOKUP(B40,Employees!A:B,2,FALSE) -> Umesh Kumar | D40: 0.83333333 | G40: 0.33333333 | H40: =F40 - E40 -> 0 | I40: =G40 - D40 -> -0.5 | J40: =I40 - H40 -> -0.5 | K40: =MAX( 0, MOD( IFERROR( J40, TIMEVALUE(SUBSTITUTE(J40,CHAR(160),"")) ), 1 ) - TIME(11,0,0) ) -> 0.041666667 | L40: =IF(J40="","", IFERROR( HOUR(MIN(MOD(J40,1), TIME(11,0,0))) + MINUTE(MIN(MOD(J40,1), TIME(11,0,0)))/100, HOUR(MIN(MOD(TIMEVALUE(SUBSTITUTE(J40,CHAR(160),"")),1), TIME(11,0,0))) + MINUTE(MIN(MOD(TIMEVALUE(SUBSTITUTE(J40,CHAR(160),"")),1), TIME(11,0,0)))/100 ) ) -> 11 | M40: =IF(K40="","", IFERROR( HOUR(K40)+MINUTE(K40)/100, HOUR(TIMEVALUE(SUBSTITUTE(K40,CHAR(160),""))) +MINUTE(TIMEVALUE(SUBSTITUTE(K40,CHAR(160),"")))/100 ) ) -> 1
A41: 46098 | B41: 1 | C41: =VLOOKUP(B41,Employees!A:B,2,FALSE) -> Rajat Hela | D41: 0.33333333 | E41: 0.55208333 | F41: 0.59375 | G41: 0.83333333 | H41: =F41 - E41 -> 0.041666667 | I41: =G41 - D41 -> 0.5 | J41: =I41 - H41 -> 0.45833333 | K41: =MAX( 0, MOD( IFERROR( J41, TIMEVALUE(SUBSTITUTE(J41,CHAR(160),"")) ), 1 ) - TIME(11,0,0) ) -> 0 | L41: =IF(J41="","", IFERROR( HOUR(MIN(MOD(J41,1), TIME(11,0,0))) + MINUTE(MIN(MOD(J41,1), TIME(11,0,0)))/100, HOUR(MIN(MOD(TIMEVALUE(SUBSTITUTE(J41,CHAR(160),"")),1), TIME(11,0,0))) + MINUTE(MIN(MOD(TIMEVALUE(SUBSTITUTE(J41,CHAR(160),"")),1), TIME(11,0,0)))/100 ) ) -> 11 | M41: =IF(K41="","", IFERROR( HOUR(K41)+MINUTE(K41)/100, HOUR(TIMEVALUE(SUBSTITUTE(K41,CHAR(160),""))) +MINUTE(TIMEVALUE(SUBSTITUTE(K41,CHAR(160),"")))/100 ) ) -> 0
B42: 2 | C42: =VLOOKUP(B42,Employees!A:B,2,FALSE) -> Umesh Kumar | D42: 0.83333333 | G42: 0.35416667 | H42: =F42 - E42 -> 0 | I42: =G42 - D42 -> -0.47916667 | J42: =I42 - H42 -> -0.47916667 | K42: =MAX( 0, MOD( IFERROR( J42, TIMEVALUE(SUBSTITUTE(J42,CHAR(160),"")) ), 1 ) - TIME(11,0,0) ) -> 0.0625 | L42: =IF(J42="","", IFERROR( HOUR(MIN(MOD(J42,1), TIME(11,0,0))) + MINUTE(MIN(MOD(J42,1), TIME(11,0,0)))/100, HOUR(MIN(MOD(TIMEVALUE(SUBSTITUTE(J42,CHAR(160),"")),1), TIME(11,0,0))) + MINUTE(MIN(MOD(TIMEVALUE(SUBSTITUTE(J42,CHAR(160),"")),1), TIME(11,0,0)))/100 ) ) -> 11 | M42: =IF(K42="","", IFERROR( HOUR(K42)+MINUTE(K42)/100, HOUR(TIMEVALUE(SUBSTITUTE(K42,CHAR(160),""))) +MINUTE(TIMEVALUE(SUBSTITUTE(K42,CHAR(160),"")))/100 ) ) -> 1.3
A43: 46099 | G43: Wednesday | L43: =IF(J43="","", IFERROR( HOUR(MIN(MOD(J43,1), TIME(11,0,0))) + MINUTE(MIN(MOD(J43,1), TIME(11,0,0)))/100, HOUR(MIN(MOD(TIMEVALUE(SUBSTITUTE(J43,CHAR(160),"")),1), TIME(11,0,0))) + MINUTE(MIN(MOD(TIMEVALUE(SUBSTITUTE(J43,CHAR(160),"")),1), TIME(11,0,0)))/100 ) ) | M43: =IF(K43="","", IFERROR( HOUR(K43)+MINUTE(K43)/100, HOUR(TIMEVALUE(SUBSTITUTE(K43,CHAR(160),""))) +MINUTE(TIMEVALUE(SUBSTITUTE(K43,CHAR(160),"")))/100 ) )
A44: 46100 | B44: 2 | C44: =VLOOKUP(B44,Employees!A:B,2,FALSE) -> Umesh Kumar | D44: 0.33333333 | E44: 0.54166667 | F44: 0.58333333 | G44: 0.83333333 | H44: =F44 - E44 -> 0.041666667 | I44: =G44 - D44 -> 0.5 | J44: =I44 - H44 -> 0.45833333 | K44: =MAX( 0, MOD( IFERROR( J44, TIMEVALUE(SUBSTITUTE(J44,CHAR(160),"")) ), 1 ) - TIME(11,0,0) ) -> 0 | L44: =IF(J44="","", IFERROR( HOUR(MIN(MOD(J44,1), TIME(11,0,0))) + MINUTE(MIN(MOD(J44,1), TIME(11,0,0)))/100, HOUR(MIN(MOD(TIMEVALUE(SUBSTITUTE(J44,CHAR(160),"")),1), TIME(11,0,0))) + MINUTE(MIN(MOD(TIMEVALUE(SUBSTITUTE(J44,CHAR(160),"")),1), TIME(11,0,0)))/100 ) ) -> 11 | M44: =IF(K44="","", IFERROR( HOUR(K44)+MINUTE(K44)/100, HOUR(TIMEVALUE(SUBSTITUTE(K44,CHAR(160),""))) +MINUTE(TIMEVALUE(SUBSTITUTE(K44,CHAR(160),"")))/100 ) ) -> 0
B45: 1 | C45: =VLOOKUP(B45,Employees!A:B,2,FALSE) -> Rajat Hela | D45: 0.83333333 | G45: 0.33333333 | H45: =F45 - E45 -> 0 | I45: =G45 - D45 -> -0.5 | J45: =I45 - H45 -> -0.5 | K45: =MAX( 0, MOD( IFERROR( J45, TIMEVALUE(SUBSTITUTE(J45,CHAR(160),"")) ), 1 ) - TIME(11,0,0) ) -> 0.041666667 | L45: =IF(J45="","", IFERROR( HOUR(MIN(MOD(J45,1), TIME(11,0,0))) + MINUTE(MIN(MOD(J45,1), TIME(11,0,0)))/100, HOUR(MIN(MOD(TIMEVALUE(SUBSTITUTE(J45,CHAR(160),"")),1), TIME(11,0,0))) + MINUTE(MIN(MOD(TIMEVALUE(SUBSTITUTE(J45,CHAR(160),"")),1), TIME(11,0,0)))/100 ) ) -> 11 | M45: =IF(K45="","", IFERROR( HOUR(K45)+MINUTE(K45)/100, HOUR(TIMEVALUE(SUBSTITUTE(K45,CHAR(160),""))) +MINUTE(TIMEVALUE(SUBSTITUTE(K45,CHAR(160),"")))/100 ) ) -> 1
A46: 46101 | B46: 2 | C46: =VLOOKUP(B46,Employees!A:B,2,FALSE) -> Umesh Kumar | D46: 0.33333333 | E46: 0.54166667 | F46: 0.58333333 | G46: 0.83333333 | H46: =F46 - E46 -> 0.041666667 | I46: =G46 - D46 -> 0.5 | J46: =I46 - H46 -> 0.45833333 | K46: =MAX( 0, MOD( IFERROR( J46, TIMEVALUE(SUBSTITUTE(J46,CHAR(160),"")) ), 1 ) - TIME(11,0,0) ) -> 0 | L46: =IF(J46="","", IFERROR( HOUR(MIN(MOD(J46,1), TIME(11,0,0))) + MINUTE(MIN(MOD(J46,1), TIME(11,0,0)))/100, HOUR(MIN(MOD(TIMEVALUE(SUBSTITUTE(J46,CHAR(160),"")),1), TIME(11,0,0))) + MINUTE(MIN(MOD(TIMEVALUE(SUBSTITUTE(J46,CHAR(160),"")),1), TIME(11,0,0)))/100 ) ) -> 11 | M46: =IF(K46="","", IFERROR( HOUR(K46)+MINUTE(K46)/100, HOUR(TIMEVALUE(SUBSTITUTE(K46,CHAR(160),""))) +MINUTE(TIMEVALUE(SUBSTITUTE(K46,CHAR(160),"")))/100 ) ) -> 0
B47: 1 | C47: =VLOOKUP(B47,Employees!A:B,2,FALSE) -> Rajat Hela | D47: 0.83333333 | G47: 1 | H47: =F47 - E47 -> 0 | I47: =G47 - D47 -> 0.16666667 | J47: =I47 - H47 -> 0.16666667 | K47: =MAX( 0, MOD( IFERROR( J47, TIMEVALUE(SUBSTITUTE(J47,CHAR(160),"")) ), 1 ) - TIME(11,0,0) ) -> 0 | L47: =IF(J47="","", IFERROR( HOUR(MIN(MOD(J47,1), TIME(11,0,0))) + MINUTE(MIN(MOD(J47,1), TIME(11,0,0)))/100, HOUR(MIN(MOD(TIMEVALUE(SUBSTITUTE(J47,CHAR(160),"")),1), TIME(11,0,0))) + MINUTE(MIN(MOD(TIMEVALUE(SUBSTITUTE(J47,CHAR(160),"")),1), TIME(11,0,0)))/100 ) ) -> 4 | M47: =IF(K47="","", IFERROR( HOUR(K47)+MINUTE(K47)/100, HOUR(TIMEVALUE(SUBSTITUTE(K47,CHAR(160),""))) +MINUTE(TIMEVALUE(SUBSTITUTE(K47,CHAR(160),"")))/100 ) ) -> 0
A48: 46102 | B48: 2 | C48: =VLOOKUP(B48,Employees!A:B,2,FALSE) -> Umesh Kumar | D48: 0.33333333 | E48: 0.5 | F48: 0.54166667 | G48: 0.83333333 | H48: =F48 - E48 -> 0.041666667 | I48: =G48 - D48 -> 0.5 | J48: =I48 - H48 -> 0.45833333 | K48: =MAX( 0, MOD( IFERROR( J48, TIMEVALUE(SUBSTITUTE(J48,CHAR(160),"")) ), 1 ) - TIME(11,0,0) ) -> 0 | L48: =IF(J48="","", IFERROR( HOUR(MIN(MOD(J48,1), TIME(11,0,0))) + MINUTE(MIN(MOD(J48,1), TIME(11,0,0)))/100, HOUR(MIN(MOD(TIMEVALUE(SUBSTITUTE(J48,CHAR(160),"")),1), TIME(11,0,0))) + MINUTE(MIN(MOD(TIMEVALUE(SUBSTITUTE(J48,CHAR(160),"")),1), TIME(11,0,0)))/100 ) ) -> 11 | M48: =IF(K48="","", IFERROR( HOUR(K48)+MINUTE(K48)/100, HOUR(TIMEVALUE(SUBSTITUTE(K48,CHAR(160),""))) +MINUTE(TIMEVALUE(SUBSTITUTE(K48,CHAR(160),"")))/100 ) ) -> 0
B49: 1 | C49: =VLOOKUP(B49,Employees!A:B,2,FALSE) -> Rajat Hela | D49: 0.83333333 | G49: 0.33333333 | H49: =F49 - E49 -> 0 | I49: =G49 - D49 -> -0.5 | J49: =I49 - H49 -> -0.5 | K49: =MAX( 0, MOD( IFERROR( J49, TIMEVALUE(SUBSTITUTE(J49,CHAR(160),"")) ), 1 ) - TIME(11,0,0) ) -> 0.041666667 | L49: =IF(J49="","", IFERROR( HOUR(MIN(MOD(J49,1), TIME(11,0,0))) + MINUTE(MIN(MOD(J49,1), TIME(11,0,0)))/100, HOUR(MIN(MOD(TIMEVALUE(SUBSTITUTE(J49,CHAR(160),"")),1), TIME(11,0,0))) + MINUTE(MIN(MOD(TIMEVALUE(SUBSTITUTE(J49,CHAR(160),"")),1), TIME(11,0,0)))/100 ) ) -> 11 | M49: =IF(K49="","", IFERROR( HOUR(K49)+MINUTE(K49)/100, HOUR(TIMEVALUE(SUBSTITUTE(K49,CHAR(160),""))) +MINUTE(TIMEVALUE(SUBSTITUTE(K49,CHAR(160),"")))/100 ) ) -> 1
A50: 46103 | B50: 2 | C50: =VLOOKUP(B50,Employees!A:B,2,FALSE) -> Umesh Kumar | D50: 0.33333333 | G50: 0.5 | H50: =F50 - E50 -> 0 | I50: =G50 - D50 -> 0.16666667 | J50: =I50 - H50 -> 0.16666667 | K50: =MAX( 0, MOD( IFERROR( J50, TIMEVALUE(SUBSTITUTE(J50,CHAR(160),"")) ), 1 ) - TIME(11,0,0) ) -> 0 | L50: =IF(J50="","", IFERROR( HOUR(MIN(MOD(J50,1), TIME(11,0,0))) + MINUTE(MIN(MOD(J50,1), TIME(11,0,0)))/100, HOUR(MIN(MOD(TIMEVALUE(SUBSTITUTE(J50,CHAR(160),"")),1), TIME(11,0,0))) + MINUTE(MIN(MOD(TIMEVALUE(SUBSTITUTE(J50,CHAR(160),"")),1), TIME(11,0,0)))/100 ) ) -> 4 | M50: =IF(K50="","", IFERROR( HOUR(K50)+MINUTE(K50)/100, HOUR(TIMEVALUE(SUBSTITUTE(K50,CHAR(160),""))) +MINUTE(TIMEVALUE(SUBSTITUTE(K50,CHAR(160),"")))/100 ) ) -> 0
B51: 1 | C51: =VLOOKUP(B51,Employees!A:B,2,FALSE) -> Rajat Hela | D51: 0.60416667 | G51: 0.10416667 | H51: =F51 - E51 -> 0 | I51: =G51 - D51 -> -0.5 | J51: =I51 - H51 -> -0.5 | K51: =MAX( 0, MOD( IFERROR( J51, TIMEVALUE(SUBSTITUTE(J51,CHAR(160),"")) ), 1 ) - TIME(11,0,0) ) -> 0.041666667 | L51: =IF(J51="","", IFERROR( HOUR(MIN(MOD(J51,1), TIME(11,0,0))) + MINUTE(MIN(MOD(J51,1), TIME(11,0,0)))/100, HOUR(MIN(MOD(TIMEVALUE(SUBSTITUTE(J51,CHAR(160),"")),1), TIME(11,0,0))) + MINUTE(MIN(MOD(TIMEVALUE(SUBSTITUTE(J51,CHAR(160),"")),1), TIME(11,0,0)))/100 ) ) -> 11 | M51: =IF(K51="","", IFERROR( HOUR(K51)+MINUTE(K51)/100, HOUR(TIMEVALUE(SUBSTITUTE(K51,CHAR(160),""))) +MINUTE(TIMEVALUE(SUBSTITUTE(K51,CHAR(160),"")))/100 ) ) -> 1
A52: 46104 | B52: 2 | C52: =VLOOKUP(B52,Employees!A:B,2,FALSE) -> Umesh Kumar | D52: 0.33333333 | E52: 0.54861111 | F52: 0.59027778 | G52: 0.83333333 | H52: =F52 - E52 -> 0.041666667 | I52: =G52 - D52 -> 0.5 | J52: =I52 - H52 -> 0.45833333 | K52: =MAX( 0, MOD( IFERROR( J52, TIMEVALUE(SUBSTITUTE(J52,CHAR(160),"")) ), 1 ) - TIME(11,0,0) ) -> 0 | L52: =IF(J52="","", IFERROR( HOUR(MIN(MOD(J52,1), TIME(11,0,0))) + MINUTE(MIN(MOD(J52,1), TIME(11,0,0)))/100, HOUR(MIN(MOD(TIMEVALUE(SUBSTITUTE(J52,CHAR(160),"")),1), TIME(11,0,0))) + MINUTE(MIN(MOD(TIMEVALUE(SUBSTITUTE(J52,CHAR(160),"")),1), TIME(11,0,0)))/100 ) ) -> 11 | M52: =IF(K52="","", IFERROR( HOUR(K52)+MINUTE(K52)/100, HOUR(TIMEVALUE(SUBSTITUTE(K52,CHAR(160),""))) +MINUTE(TIMEVALUE(SUBSTITUTE(K52,CHAR(160),"")))/100 ) ) -> 0
B53: 1 | C53: =VLOOKUP(B53,Employees!A:B,2,FALSE) -> Rajat Hela | D53: 0.83333333 | G53: 0.33333333 | H53: =F53 - E53 -> 0 | I53: =G53 - D53 -> -0.5 | J53: =I53 - H53 -> -0.5 | K53: =MAX( 0, MOD( IFERROR( J53, TIMEVALUE(SUBSTITUTE(J53,CHAR(160),"")) ), 1 ) - TIME(11,0,0) ) -> 0.041666667 | L53: =IF(J53="","", IFERROR( HOUR(MIN(MOD(J53,1), TIME(11,0,0))) + MINUTE(MIN(MOD(J53,1), TIME(11,0,0)))/100, HOUR(MIN(MOD(TIMEVALUE(SUBSTITUTE(J53,CHAR(160),"")),1), TIME(11,0,0))) + MINUTE(MIN(MOD(TIMEVALUE(SUBSTITUTE(J53,CHAR(160),"")),1), TIME(11,0,0)))/100 ) ) -> 11 | M53: =IF(K53="","", IFERROR( HOUR(K53)+MINUTE(K53)/100, HOUR(TIMEVALUE(SUBSTITUTE(K53,CHAR(160),""))) +MINUTE(TIMEVALUE(SUBSTITUTE(K53,CHAR(160),"")))/100 ) ) -> 1
A54: 46105 | B54: 2 | C54: =VLOOKUP(B54,Employees!A:B,2,FALSE) -> Umesh Kumar | D54: 0.33333333 | E54: 0.54166667 | F54: 0.58333333 | G54: 0.83333333 | H54: =F54 - E54 -> 0.041666667 | I54: =G54 - D54 -> 0.5 | J54: =I54 - H54 -> 0.45833333 | K54: =MAX( 0, MOD( IFERROR( J54, TIMEVALUE(SUBSTITUTE(J54,CHAR(160),"")) ), 1 ) - TIME(11,0,0) ) -> 0 | L54: =IF(J54="","", IFERROR( HOUR(MIN(MOD(J54,1), TIME(11,0,0))) + MINUTE(MIN(MOD(J54,1), TIME(11,0,0)))/100, HOUR(MIN(MOD(TIMEVALUE(SUBSTITUTE(J54,CHAR(160),"")),1), TIME(11,0,0))) + MINUTE(MIN(MOD(TIMEVALUE(SUBSTITUTE(J54,CHAR(160),"")),1), TIME(11,0,0)))/100 ) ) -> 11 | M54: =IF(K54="","", IFERROR( HOUR(K54)+MINUTE(K54)/100, HOUR(TIMEVALUE(SUBSTITUTE(K54,CHAR(160),""))) +MINUTE(TIMEVALUE(SUBSTITUTE(K54,CHAR(160),"")))/100 ) ) -> 0
B55: 1 | C55: =VLOOKUP(B55,Employees!A:B,2,FALSE) -> Rajat Hela | D55: 0.83333333 | G55: 0.33333333 | H55: =F55 - E55 -> 0 | I55: =G55 - D55 -> -0.5 | J55: =I55 - H55 -> -0.5 | K55: =MAX( 0, MOD( IFERROR( J55, TIMEVALUE(SUBSTITUTE(J55,CHAR(160),"")) ), 1 ) - TIME(11,0,0) ) -> 0.041666667 | L55: =IF(J55="","", IFERROR( HOUR(MIN(MOD(J55,1), TIME(11,0,0))) + MINUTE(MIN(MOD(J55,1), TIME(11,0,0)))/100, HOUR(MIN(MOD(TIMEVALUE(SUBSTITUTE(J55,CHAR(160),"")),1), TIME(11,0,0))) + MINUTE(MIN(MOD(TIMEVALUE(SUBSTITUTE(J55,CHAR(160),"")),1), TIME(11,0,0)))/100 ) ) -> 11 | M55: =IF(K55="","", IFERROR( HOUR(K55)+MINUTE(K55)/100, HOUR(TIMEVALUE(SUBSTITUTE(K55,CHAR(160),""))) +MINUTE(TIMEVALUE(SUBSTITUTE(K55,CHAR(160),"")))/100 ) ) -> 1
A56: 46106 | B56: 2 | C56: =VLOOKUP(B56,Employees!A:B,2,FALSE) -> Umesh Kumar | D56: 0.33333333 | E56: 0.54166667 | F56: 0.58333333 | G56: 0.83333333 | H56: =F56 - E56 -> 0.041666667 | I56: =G56 - D56 -> 0.5 | J56: =I56 - H56 -> 0.45833333 | K56: =MAX( 0, MOD( IFERROR( J56, TIMEVALUE(SUBSTITUTE(J56,CHAR(160),"")) ), 1 ) - TIME(11,0,0) ) -> 0 | L56: =IF(J56="","", IFERROR( HOUR(MIN(MOD(J56,1), TIME(11,0,0))) + MINUTE(MIN(MOD(J56,1), TIME(11,0,0)))/100, HOUR(MIN(MOD(TIMEVALUE(SUBSTITUTE(J56,CHAR(160),"")),1), TIME(11,0,0))) + MINUTE(MIN(MOD(TIMEVALUE(SUBSTITUTE(J56,CHAR(160),"")),1), TIME(11,0,0)))/100 ) ) -> 11 | M56: =IF(K56="","", IFERROR( HOUR(K56)+MINUTE(K56)/100, HOUR(TIMEVALUE(SUBSTITUTE(K56,CHAR(160),""))) +MINUTE(TIMEVALUE(SUBSTITUTE(K56,CHAR(160),"")))/100 ) ) -> 0
A57: 46107 | B57: 2 | C57: =VLOOKUP(B57,Employees!A:B,2,FALSE) -> Umesh Kumar | D57: 0.33333333 | E57: 0.54166667 | F57: 0.58333333 | G57: 0.83333333 | H57: =F57 - E57 -> 0.041666667 | I57: =G57 - D57 -> 0.5 | J57: =I57 - H57 -> 0.45833333 | K57: =MAX( 0, MOD( IFERROR( J57, TIMEVALUE(SUBSTITUTE(J57,CHAR(160),"")) ), 1 ) - TIME(11,0,0) ) -> 0 | L57: =IF(J57="","", IFERROR( HOUR(MIN(MOD(J57,1), TIME(11,0,0))) + MINUTE(MIN(MOD(J57,1), TIME(11,0,0)))/100, HOUR(MIN(MOD(TIMEVALUE(SUBSTITUTE(J57,CHAR(160),"")),1), TIME(11,0,0))) + MINUTE(MIN(MOD(TIMEVALUE(SUBSTITUTE(J57,CHAR(160),"")),1), TIME(11,0,0)))/100 ) ) -> 11 | M57: =IF(K57="","", IFERROR( HOUR(K57)+MINUTE(K57)/100, HOUR(TIMEVALUE(SUBSTITUTE(K57,CHAR(160),""))) +MINUTE(TIMEVALUE(SUBSTITUTE(K57,CHAR(160),"")))/100 ) ) -> 0
B58: 1 | C58: =VLOOKUP(B58,Employees!A:B,2,FALSE) -> Rajat Hela | D58: 0.83333333 | G58: 0.33333333 | H58: =F58 - E58 -> 0 | I58: =G58 - D58 -> -0.5 | J58: =I58 - H58 -> -0.5 | K58: =MAX( 0, MOD( IFERROR( J58, TIMEVALUE(SUBSTITUTE(J58,CHAR(160),"")) ), 1 ) - TIME(11,0,0) ) -> 0.041666667 | L58: =IF(J58="","", IFERROR( HOUR(MIN(MOD(J58,1), TIME(11,0,0))) + MINUTE(MIN(MOD(J58,1), TIME(11,0,0)))/100, HOUR(MIN(MOD(TIMEVALUE(SUBSTITUTE(J58,CHAR(160),"")),1), TIME(11,0,0))) + MINUTE(MIN(MOD(TIMEVALUE(SUBSTITUTE(J58,CHAR(160),"")),1), TIME(11,0,0)))/100 ) ) -> 11 | M58: =IF(K58="","", IFERROR( HOUR(K58)+MINUTE(K58)/100, HOUR(TIMEVALUE(SUBSTITUTE(K58,CHAR(160),""))) +MINUTE(TIMEVALUE(SUBSTITUTE(K58,CHAR(160),"")))/100 ) ) -> 1
A59: 46108 | B59: 2 | C59: =VLOOKUP(B59,Employees!A:B,2,FALSE) -> Umesh Kumar | D59: 0.33333333 | E59: 0.51041667 | F59: 0.55208333 | G59: 0.83333333 | H59: =F59 - E59 -> 0.041666667 | I59: =G59 - D59 -> 0.5 | J59: =I59 - H59 -> 0.45833333 | K59: =MAX( 0, MOD( IFERROR( J59, TIMEVALUE(SUBSTITUTE(J59,CHAR(160),"")) ), 1 ) - TIME(11,0,0) ) -> 0 | L59: =IF(J59="","", IFERROR( HOUR(MIN(MOD(J59,1), TIME(11,0,0))) + MINUTE(MIN(MOD(J59,1), TIME(11,0,0)))/100, HOUR(MIN(MOD(TIMEVALUE(SUBSTITUTE(J59,CHAR(160),"")),1), TIME(11,0,0))) + MINUTE(MIN(MOD(TIMEVALUE(SUBSTITUTE(J59,CHAR(160),"")),1), TIME(11,0,0)))/100 ) ) -> 11 | M59: =IF(K59="","", IFERROR( HOUR(K59)+MINUTE(K59)/100, HOUR(TIMEVALUE(SUBSTITUTE(K59,CHAR(160),""))) +MINUTE(TIMEVALUE(SUBSTITUTE(K59,CHAR(160),"")))/100 ) ) -> 0
B60: 1 | C60: =VLOOKUP(B60,Employees!A:B,2,FALSE) -> Rajat Hela | D60: 0.83333333 | G60: 0.375 | H60: =F60 - E60 -> 0 | I60: =G60 - D60 -> -0.45833333 | J60: 0.54166667 | K60: =MAX( 0, MOD( IFERROR( J60, TIMEVALUE(SUBSTITUTE(J60,CHAR(160),"")) ), 1 ) - TIME(11,0,0) ) -> 0.083333333 | L60: =IF(J60="","", IFERROR( HOUR(MIN(MOD(J60,1), TIME(11,0,0))) + MINUTE(MIN(MOD(J60,1), TIME(11,0,0)))/100, HOUR(MIN(MOD(TIMEVALUE(SUBSTITUTE(J60,CHAR(160),"")),1), TIME(11,0,0))) + MINUTE(MIN(MOD(TIMEVALUE(SUBSTITUTE(J60,CHAR(160),"")),1), TIME(11,0,0)))/100 ) ) -> 11 | M60: =IF(K60="","", IFERROR( HOUR(K60)+MINUTE(K60)/100, HOUR(TIMEVALUE(SUBSTITUTE(K60,CHAR(160),""))) +MINUTE(TIMEVALUE(SUBSTITUTE(K60,CHAR(160),"")))/100 ) ) -> 2
A61: 46109 | B61: 2 | C61: =VLOOKUP(B61,Employees!A:B,2,FALSE) -> Umesh Kumar | D61: 0.33333333 | G61: 0.54861111 | H61: =F61 - E61 -> 0 | I61: =G61 - D61 -> 0.21527778 | J61: =I61 - H61 -> 0.21527778 | K61: =MAX( 0, MOD( IFERROR( J61, TIMEVALUE(SUBSTITUTE(J61,CHAR(160),"")) ), 1 ) - TIME(11,0,0) ) -> 0 | L61: =IF(J61="","", IFERROR( HOUR(MIN(MOD(J61,1), TIME(11,0,0))) + MINUTE(MIN(MOD(J61,1), TIME(11,0,0)))/100, HOUR(MIN(MOD(TIMEVALUE(SUBSTITUTE(J61,CHAR(160),"")),1), TIME(11,0,0))) + MINUTE(MIN(MOD(TIMEVALUE(SUBSTITUTE(J61,CHAR(160),"")),1), TIME(11,0,0)))/100 ) ) -> 5.1 | M61: =IF(K61="","", IFERROR( HOUR(K61)+MINUTE(K61)/100, HOUR(TIMEVALUE(SUBSTITUTE(K61,CHAR(160),""))) +MINUTE(TIMEVALUE(SUBSTITUTE(K61,CHAR(160),"")))/100 ) ) -> 0
B62: 1 | C62: =VLOOKUP(B62,Employees!A:B,2,FALSE) -> Rajat Hela | D62: 0.72916667 | G62: 0.35416667 | H62: =F62 - E62 -> 0 | I62: =G62 - D62 -> -0.375 | J62: =I62 - H62 -> -0.375 | K62: =MAX( 0, MOD( IFERROR( J62, TIMEVALUE(SUBSTITUTE(J62,CHAR(160),"")) ), 1 ) - TIME(11,0,0) ) -> 0.16666667 | L62: =IF(J62="","", IFERROR( HOUR(MIN(MOD(J62,1), TIME(11,0,0))) + MINUTE(MIN(MOD(J62,1), TIME(11,0,0)))/100, HOUR(MIN(MOD(TIMEVALUE(SUBSTITUTE(J62,CHAR(160),"")),1), TIME(11,0,0))) + MINUTE(MIN(MOD(TIMEVALUE(SUBSTITUTE(J62,CHAR(160),"")),1), TIME(11,0,0)))/100 ) ) -> 11 | M62: =IF(K62="","", IFERROR( HOUR(K62)+MINUTE(K62)/100, HOUR(TIMEVALUE(SUBSTITUTE(K62,CHAR(160),""))) +MINUTE(TIMEVALUE(SUBSTITUTE(K62,CHAR(160),"")))/100 ) ) -> 4
A63: 46110 | B63: 1 | C63: =VLOOKUP(B63,Employees!A:B,2,FALSE) -> Rajat Hela | D63: 0.83333333 | G63: 0.083333333 | H63: =F63 - E63 -> 0 | I63: =G63 - D63 -> -0.75 | J63: =I63 - H63 -> -0.75 | K63: =MAX( 0, MOD( IFERROR( J63, TIMEVALUE(SUBSTITUTE(J63,CHAR(160),"")) ), 1 ) - TIME(11,0,0) ) -> 0 | L63: =IF(J63="","", IFERROR( HOUR(MIN(MOD(J63,1), TIME(11,0,0))) + MINUTE(MIN(MOD(J63,1), TIME(11,0,0)))/100, HOUR(MIN(MOD(TIMEVALUE(SUBSTITUTE(J63,CHAR(160),"")),1), TIME(11,0,0))) + MINUTE(MIN(MOD(TIMEVALUE(SUBSTITUTE(J63,CHAR(160),"")),1), TIME(11,0,0)))/100 ) ) -> 6 | M63: =IF(K63="","", IFERROR( HOUR(K63)+MINUTE(K63)/100, HOUR(TIMEVALUE(SUBSTITUTE(K63,CHAR(160),""))) +MINUTE(TIMEVALUE(SUBSTITUTE(K63,CHAR(160),"")))/100 ) ) -> 0
C64: =VLOOKUP(B64,Employees!A:B,2,FALSE) -> #N/A | H64: =F64 - E64 -> 0 | I64: =G64 - D64 -> 0 | J64: =I64 - H64 -> 0 | K64: =MAX( 0, MOD( IFERROR( J64, TIMEVALUE(SUBSTITUTE(J64,CHAR(160),"")) ), 1 ) - TIME(11,0,0) ) -> 0 | L64: =IF(J64="","", IFERROR( HOUR(MIN(MOD(J64,1), TIME(11,0,0))) + MINUTE(MIN(MOD(J64,1), TIME(11,0,0)))/100, HOUR(MIN(MOD(TIMEVALUE(SUBSTITUTE(J64,CHAR(160),"")),1), TIME(11,0,0))) + MINUTE(MIN(MOD(TIMEVALUE(SUBSTITUTE(J64,CHAR(160),"")),1), TIME(11,0,0)))/100 ) ) -> 0 | M64: =IF(K64="","", IFERROR( HOUR(K64)+MINUTE(K64)/100, HOUR(TIMEVALUE(SUBSTITUTE(K64,CHAR(160),""))) +MINUTE(TIMEVALUE(SUBSTITUTE(K64,CHAR(160),"")))/100 ) ) -> 0
A65: 46111 | B65: 1 | C65: =VLOOKUP(B65,Employees!A:B,2,FALSE) -> Rajat Hela | D65: 0.58333333 | G65: 0.041666667 | H65: =F65 - E65 -> 0 | I65: =G65 - D65 -> -0.54166667 | J65: =I65 - H65 -> -0.54166667 | K65: =MAX( 0, MOD( IFERROR( J65, TIMEVALUE(SUBSTITUTE(J65,CHAR(160),"")) ), 1 ) - TIME(11,0,0) ) -> 0 | L65: =IF(J65="","", IFERROR( HOUR(MIN(MOD(J65,1), TIME(11,0,0))) + MINUTE(MIN(MOD(J65,1), TIME(11,0,0)))/100, HOUR(MIN(MOD(TIMEVALUE(SUBSTITUTE(J65,CHAR(160),"")),1), TIME(11,0,0))) + MINUTE(MIN(MOD(TIMEVALUE(SUBSTITUTE(J65,CHAR(160),"")),1), TIME(11,0,0)))/100 ) ) -> 11 | M65: =IF(K65="","", IFERROR( HOUR(K65)+MINUTE(K65)/100, HOUR(TIMEVALUE(SUBSTITUTE(K65,CHAR(160),""))) +MINUTE(TIMEVALUE(SUBSTITUTE(K65,CHAR(160),"")))/100 ) ) -> 0
C66: =VLOOKUP(B66,Employees!A:B,2,FALSE) -> #N/A | H66: =F66 - E66 -> 0 | I66: =G66 - D66 -> 0 | J66: =I66 - H66 -> 0 | K66: =MAX( 0, MOD( IFERROR( J66, TIMEVALUE(SUBSTITUTE(J66,CHAR(160),"")) ), 1 ) - TIME(11,0,0) ) -> 0 | L66: =IF(J66="","", IFERROR( HOUR(MIN(MOD(J66,1), TIME(11,0,0))) + MINUTE(MIN(MOD(J66,1), TIME(11,0,0)))/100, HOUR(MIN(MOD(TIMEVALUE(SUBSTITUTE(J66,CHAR(160),"")),1), TIME(11,0,0))) + MINUTE(MIN(MOD(TIMEVALUE(SUBSTITUTE(J66,CHAR(160),"")),1), TIME(11,0,0)))/100 ) ) -> 0 | M66: =IF(K66="","", IFERROR( HOUR(K66)+MINUTE(K66)/100, HOUR(TIMEVALUE(SUBSTITUTE(K66,CHAR(160),""))) +MINUTE(TIMEVALUE(SUBSTITUTE(K66,CHAR(160),"")))/100 ) ) -> 0
A67: 46112 | B67: 1 | C67: =VLOOKUP(B67,Employees!A:B,2,FALSE) -> Rajat Hela | D67: 0.33333333 | E67: 0.54166667 | F67: 0.58333333 | G67: 0.83333333 | H67: =F67 - E67 -> 0.041666667 | I67: =G67 - D67 -> 0.5 | J67: =I67 - H67 -> 0.45833333 | K67: =MAX( 0, MOD( IFERROR( J67, TIMEVALUE(SUBSTITUTE(J67,CHAR(160),"")) ), 1 ) - TIME(11,0,0) ) -> 0 | L67: =IF(J67="","", IFERROR( HOUR(MIN(MOD(J67,1), TIME(11,0,0))) + MINUTE(MIN(MOD(J67,1), TIME(11,0,0)))/100, HOUR(MIN(MOD(TIMEVALUE(SUBSTITUTE(J67,CHAR(160),"")),1), TIME(11,0,0))) + MINUTE(MIN(MOD(TIMEVALUE(SUBSTITUTE(J67,CHAR(160),"")),1), TIME(11,0,0)))/100 ) ) -> 11 | M67: =IF(K67="","", IFERROR( HOUR(K67)+MINUTE(K67)/100, HOUR(TIMEVALUE(SUBSTITUTE(K67,CHAR(160),""))) +MINUTE(TIMEVALUE(SUBSTITUTE(K67,CHAR(160),"")))/100 ) ) -> 0
B68: 1 | C68: =VLOOKUP(B68,Employees!A:B,2,FALSE) -> Rajat Hela | D68: 0.83333333 | G68: 0.20833333 | H68: =F68 - E68 -> 0 | I68: =G68 - D68 -> -0.625 | J68: =I68 - H68 -> -0.625 | K68: =MAX( 0, MOD( IFERROR( J68, TIMEVALUE(SUBSTITUTE(J68,CHAR(160),"")) ), 1 ) - TIME(11,0,0) ) -> 0 | L68: =IF(J68="","", IFERROR( HOUR(MIN(MOD(J68,1), TIME(11,0,0))) + MINUTE(MIN(MOD(J68,1), TIME(11,0,0)))/100, HOUR(MIN(MOD(TIMEVALUE(SUBSTITUTE(J68,CHAR(160),"")),1), TIME(11,0,0))) + MINUTE(MIN(MOD(TIMEVALUE(SUBSTITUTE(J68,CHAR(160),"")),1), TIME(11,0,0)))/100 ) ) -> 9 | M68: =IF(K68="","", IFERROR( HOUR(K68)+MINUTE(K68)/100, HOUR(TIMEVALUE(SUBSTITUTE(K68,CHAR(160),""))) +MINUTE(TIMEVALUE(SUBSTITUTE(K68,CHAR(160),"")))/100 ) ) -> 0

Sheet 04-2026
A1: 46113
A5: Emp ID | B5: Employee Name | C5: Contact | D5: Department | E5: Designation | F5: Basic Salary | G5: Per Day Salary | H5: Per Hour Salary | I5: Total Hours | J5: Total OT (hrs) | K5: Salary Earned
A6: 1 | B6: =VLOOKUP(A6,Employees!A:B,2,FALSE) -> Rajat Hela | C6: =VLOOKUP(A6,Employees!A:C,3,FALSE) -> 9023270731 | D6: =VLOOKUP(A6,Employees!A:D,4,FALSE) -> Production | E6: =VLOOKUP(A6,Employees!A:E,5,FALSE) -> CNC Machine Operator | F6: =VLOOKUP(A6,Employees!A:F,6,FALSE) -> 17000 | G6: =VLOOKUP(A6,Employees!A:G,7,FALSE) -> 653.84615 | H6: =VLOOKUP(A6,Employees!A:H,8,FALSE) -> 59.440559 | I6: =SUMIFS('04-2026'!$L$11:$L$281, '04-2026'!$B$11:$B$281, $A6) -> 259.1 | J6: =SUMIFS('04-2026'!$M$11:$M$281, '04-2026'!$B$11:$B$281, $A6) -> 0.3 | K6: =('04-2026'!$I6+'04-2026'!$J6)*'04-2026'!$H6 -> 15418.881
A7: 2 | B7: =VLOOKUP(A7,Employees!A:B,2,FALSE) -> Umesh Kumar | C7: =VLOOKUP(A7,Employees!A:C,3,FALSE) | D7: =VLOOKUP(A7,Employees!A:D,4,FALSE) -> Production | E7: =VLOOKUP(A7,Employees!A:E,5,FALSE) -> CNC Machine Operator | F7: =VLOOKUP(A7,Employees!A:F,6,FALSE) -> 18000 | G7: =VLOOKUP(A7,Employees!A:G,7,FALSE) -> 692.30769 | H7: =VLOOKUP(A7,Employees!A:H,8,FALSE) -> 62.937063 | I7: =SUMIFS('04-2026'!$L$11:$L$281, '04-2026'!$B$11:$B$281, $A7) -> 0 | J7: =SUMIFS('04-2026'!$M$11:$M$281, '04-2026'!$B$11:$B$281, $A7) -> 0 | K7: =('04-2026'!$I7+'04-2026'!$J7)*'04-2026'!$H7 -> 0
A8: 3 | B8: =VLOOKUP(A8,Employees!A:B,2,FALSE) -> Ranjan Kumar | C8: =VLOOKUP(A8,Employees!A:C,3,FALSE) -> 6206577886 | D8: =VLOOKUP(A8,Employees!A:D,4,FALSE) -> Production | E8: =VLOOKUP(A8,Employees!A:E,5,FALSE) -> CNC Machine Operator | F8: =VLOOKUP(A8,Employees!A:F,6,FALSE) -> 21000 | G8: =VLOOKUP(A8,Employees!A:G,7,FALSE) -> 807.69231 | H8: =VLOOKUP(A8,Employees!A:H,8,FALSE) -> 73.426573 | I8: =SUMIFS('04-2026'!$L$11:$L$281, '04-2026'!$B$11:$B$281, $A8) -> 189.6 | J8: =SUMIFS('04-2026'!$M$11:$M$281, '04-2026'!$B$11:$B$281, $A8) -> 8 | K8: =('04-2026'!$I8+'04-2026'!$J8)*'04-2026'!$H8 -> 14509.091
A10: Date | B10: Employee ID | C10: Employee Name | D10: Check-In | E10: Break Start | F10: Break End | G10: Check-Out | H10: Total Break (hrs) | I10: Total Working (hrs) | J10: Net Working (hrs) | K10: Over Time (hrs) | L10: NW (For Calc) | M10: Ot (For Calc)
L11: =IF(J11="","", IFERROR( HOUR(J11)+MINUTE(J11)/100, HOUR(TIMEVALUE(SUBSTITUTE(J11,CHAR(160),""))) +MINUTE(TIMEVALUE(SUBSTITUTE(J11,CHAR(160),"")))/100 ) ) | M11: =IF(K11="","", IFERROR( HOUR(K11)+MINUTE(K11)/100, HOUR(TIMEVALUE(SUBSTITUTE(K11,CHAR(160),""))) +MINUTE(TIMEVALUE(SUBSTITUTE(K11,CHAR(160),"")))/100 ) )
A12: 46113 | G12: Wednesday | L12: =IF(J12="","", IFERROR( HOUR(MIN(MOD(J12,1), TIME(11,0,0))) + MINUTE(MIN(MOD(J12,1), TIME(11,0,0)))/100, HOUR(MIN(MOD(TIMEVALUE(SUBSTITUTE(J12,CHAR(160),"")),1), TIME(11,0,0))) + MINUTE(MIN(MOD(TIMEVALUE(SUBSTITUTE(J12,CHAR(160),"")),1), TIME(11,0,0)))/100 ) ) | M12: =IF(K12="","", IFERROR( HOUR(K12)+MINUTE(K12)/100, HOUR(TIMEVALUE(SUBSTITUTE(K12,CHAR(160),""))) +MINUTE(TIMEVALUE(SUBSTITUTE(K12,CHAR(160),"")))/100 ) )
A13: 46114 | B13: 1 | C13: =VLOOKUP(B13,Employees!A:B,2,FALSE) -> Rajat Hela | D13: 0.33333333 | E13: 0.54166667 | F13: 0.58333333 | G13: 0.79166667 | H13: =F13 - E13 -> 0.041666667 | I13: =G13 - D13 -> 0.45833333 | J13: =I13 - H13 -> 0.41666667 | K13: =MAX( 0, MOD( IFERROR( J13, TIMEVALUE(SUBSTITUTE(J13,CHAR(160),"")) ), 1 ) - TIME(11,0,0) ) -> 0 | L13: =IF(J13="","", IFERROR( HOUR(MIN(MOD(J13,1), TIME(11,0,0))) + MINUTE(MIN(MOD(J13,1), TIME(11,0,0)))/100, HOUR(MIN(MOD(TIMEVALUE(SUBSTITUTE(J13,CHAR(160),"")),1), TIME(11,0,0))) + MINUTE(MIN(MOD(TIMEVALUE(SUBSTITUTE(J13,CHAR(160),"")),1), TIME(11,0,0)))/100 ) ) -> 10 | M13: =IF(K13="","", IFERROR( HOUR(K13)+MINUTE(K13)/100, HOUR(TIMEVALUE(SUBSTITUTE(K13,CHAR(160),""))) +MINUTE(TIMEVALUE(SUBSTITUTE(K13,CHAR(160),"")))/100 ) ) -> 0
C14: =VLOOKUP(B14,Employees!A:B,2,FALSE) -> #N/A | H14: =F14 - E14 -> 0 | I14: =G14 - D14 -> 0 | J14: =I14 - H14 -> 0 | K14: =MAX( 0, MOD( IFERROR( J14, TIMEVALUE(SUBSTITUTE(J14,CHAR(160),"")) ), 1 ) - TIME(11,0,0) ) -> 0 | L14: =IF(J14="","", IFERROR( HOUR(MIN(MOD(J14,1), TIME(11,0,0))) + MINUTE(MIN(MOD(J14,1), TIME(11,0,0)))/100, HOUR(MIN(MOD(TIMEVALUE(SUBSTITUTE(J14,CHAR(160),"")),1), TIME(11,0,0))) + MINUTE(MIN(MOD(TIMEVALUE(SUBSTITUTE(J14,CHAR(160),"")),1), TIME(11,0,0)))/100 ) ) -> 0 | M14: =IF(K14="","", IFERROR( HOUR(K14)+MINUTE(K14)/100, HOUR(TIMEVALUE(SUBSTITUTE(K14,CHAR(160),""))) +MINUTE(TIMEVALUE(SUBSTITUTE(K14,CHAR(160),"")))/100 ) ) -> 0
A15: 46115 | B15: 1 | C15: =VLOOKUP(B15,Employees!A:B,2,FALSE) -> Rajat Hela | D15: 0.91666667 | G15: 0.055555556 | H15: =F15 - E15 -> 0 | I15: =G15 - D15 -> -0.86111111 | J15: =I15 - H15 -> -0.86111111 | K15: =MAX( 0, MOD( IFERROR( J15, TIMEVALUE(SUBSTITUTE(J15,CHAR(160),"")) ), 1 ) - TIME(11,0,0) ) -> 0 | L15: =IF(J15="","", IFERROR( HOUR(MIN(MOD(J15,1), TIME(11,0,0))) + MINUTE(MIN(MOD(J15,1), TIME(11,0,0)))/100, HOUR(MIN(MOD(TIMEVALUE(SUBSTITUTE(J15,CHAR(160),"")),1), TIME(11,0,0))) + MINUTE(MIN(MOD(TIMEVALUE(SUBSTITUTE(J15,CHAR(160),"")),1), TIME(11,0,0)))/100 ) ) -> 3.2 | M15: =IF(K15="","", IFERROR( HOUR(K15)+MINUTE(K15)/100, HOUR(TIMEVALUE(SUBSTITUTE(K15,CHAR(160),""))) +MINUTE(TIMEVALUE(SUBSTITUTE(K15,CHAR(160),"")))/100 ) ) -> 0
C16: =VLOOKUP(B16,Employees!A:B,2,FALSE) -> #N/A | H16: =F16 - E16 -> 0 | I16: =G16 - D16 -> 0 | J16: =I16 - H16 -> 0 | K16: =MAX( 0, MOD( IFERROR( J16, TIMEVALUE(SUBSTITUTE(J16,CHAR(160),"")) ), 1 ) - TIME(11,0,0) ) -> 0 | L16: =IF(J16="","", IFERROR( HOUR(MIN(MOD(J16,1), TIME(11,0,0))) + MINUTE(MIN(MOD(J16,1), TIME(11,0,0)))/100, HOUR(MIN(MOD(TIMEVALUE(SUBSTITUTE(J16,CHAR(160),"")),1), TIME(11,0,0))) + MINUTE(MIN(MOD(TIMEVALUE(SUBSTITUTE(J16,CHAR(160),"")),1), TIME(11,0,0)))/100 ) ) -> 0 | M16: =IF(K16="","", IFERROR( HOUR(K16)+MINUTE(K16)/100, HOUR(TIMEVALUE(SUBSTITUTE(K16,CHAR(160),""))) +MINUTE(TIMEVALUE(SUBSTITUTE(K16,CHAR(160),"")))/100 ) ) -> 0
A17: 46116 | B17: 1 | C17: =VLOOKUP(B17,Employees!A:B,2,FALSE) -> Rajat Hela | D17: 0.33333333 | E17: 0.54166667 | F17: 0.58333333 | G17: 0.83333333 | H17: =F17 - E17 -> 0.041666667 | I17: =G17 - D17 -> 0.5 | J17: =I17 - H17 -> 0.45833333 | K17: =MAX( 0, MOD( IFERROR( J17, TIMEVALUE(SUBSTITUTE(J17,CHAR(160),"")) ), 1 ) - TIME(11,0,0) ) -> 0 | L17: =IF(J17="","", IFERROR( HOUR(MIN(MOD(J17,1), TIME(11,0,0))) + MINUTE(MIN(MOD(J17,1), TIME(11,0,0)))/100, HOUR(MIN(MOD(TIMEVALUE(SUBSTITUTE(J17,CHAR(160),"")),1), TIME(11,0,0))) + MINUTE(MIN(MOD(TIMEVALUE(SUBSTITUTE(J17,CHAR(160),"")),1), TIME(11,0,0)))/100 ) ) -> 11 | M17: =IF(K17="","", IFERROR( HOUR(K17)+MINUTE(K17)/100, HOUR(TIMEVALUE(SUBSTITUTE(K17,CHAR(160),""))) +MINUTE(TIMEVALUE(SUBSTITUTE(K17,CHAR(160),"")))/100 ) ) -> 0
B18: 1 | C18: =VLOOKUP(B18,Employees!A:B,2,FALSE) -> Rajat Hela | D18: 0.83333333 | G18: 0.95833333 | H18: =F18 - E18 -> 0 | I18: =G18 - D18 -> 0.125 | J18: =I18 - H18 -> 0.125 | K18: =MAX( 0, MOD( IFERROR( J18, TIMEVALUE(SUBSTITUTE(J18,CHAR(160),"")) ), 1 ) - TIME(11,0,0) ) -> 0 | L18: =IF(J18="","", IFERROR( HOUR(MIN(MOD(J18,1), TIME(11,0,0))) + MINUTE(MIN(MOD(J18,1), TIME(11,0,0)))/100, HOUR(MIN(MOD(TIMEVALUE(SUBSTITUTE(J18,CHAR(160),"")),1), TIME(11,0,0))) + MINUTE(MIN(MOD(TIMEVALUE(SUBSTITUTE(J18,CHAR(160),"")),1), TIME(11,0,0)))/100 ) ) -> 3 | M18: =IF(K18="","", IFERROR( HOUR(K18)+MINUTE(K18)/100, HOUR(TIMEVALUE(SUBSTITUTE(K18,CHAR(160),""))) +MINUTE(TIMEVALUE(SUBSTITUTE(K18,CHAR(160),"")))/100 ) ) -> 0
A19: 46117 | B19: 1 | C19: =VLOOKUP(B19,Employees!A:B,2,FALSE) -> Rajat Hela | D19: 0.33333333 | E19: 0.54166667 | F19: 0.58333333 | G19: 0.83333333 | H19: =F19 - E19 -> 0.041666667 | I19: =G19 - D19 -> 0.5 | J19: =I19 - H19 -> 0.45833333 | K19: =MAX( 0, MOD( IFERROR( J19, TIMEVALUE(SUBSTITUTE(J19,CHAR(160),"")) ), 1 ) - TIME(11,0,0) ) -> 0 | L19: =IF(J19="","", IFERROR( HOUR(MIN(MOD(J19,1), TIME(11,0,0))) + MINUTE(MIN(MOD(J19,1), TIME(11,0,0)))/100, HOUR(MIN(MOD(TIMEVALUE(SUBSTITUTE(J19,CHAR(160),"")),1), TIME(11,0,0))) + MINUTE(MIN(MOD(TIMEVALUE(SUBSTITUTE(J19,CHAR(160),"")),1), TIME(11,0,0)))/100 ) ) -> 11 | M19: =IF(K19="","", IFERROR( HOUR(K19)+MINUTE(K19)/100, HOUR(TIMEVALUE(SUBSTITUTE(K19,CHAR(160),""))) +MINUTE(TIMEVALUE(SUBSTITUTE(K19,CHAR(160),"")))/100 ) ) -> 0
B20: 1 | C20: =VLOOKUP(B20,Employees!A:B,2,FALSE) -> Rajat Hela | D20: 0.83333333 | G20: 0.9375 | H20: =F20 - E20 -> 0 | I20: =G20 - D20 -> 0.10416667 | J20: =I20 - H20 -> 0.10416667 | K20: =MAX( 0, MOD( IFERROR( J20, TIMEVALUE(SUBSTITUTE(J20,CHAR(160),"")) ), 1 ) - TIME(11,0,0) ) -> 0 | L20: =IF(J20="","", IFERROR( HOUR(MIN(MOD(J20,1), TIME(11,0,0))) + MINUTE(MIN(MOD(J20,1), TIME(11,0,0)))/100, HOUR(MIN(MOD(TIMEVALUE(SUBSTITUTE(J20,CHAR(160),"")),1), TIME(11,0,0))) + MINUTE(MIN(MOD(TIMEVALUE(SUBSTITUTE(J20,CHAR(160),"")),1), TIME(11,0,0)))/100 ) ) -> 2.3 | M20: =IF(K20="","", IFERROR( HOUR(K20)+MINUTE(K20)/100, HOUR(TIMEVALUE(SUBSTITUTE(K20,CHAR(160),""))) +MINUTE(TIMEVALUE(SUBSTITUTE(K20,CHAR(160),"")))/100 ) ) -> 0
A21: 46118 | B21: 1 | C21: =VLOOKUP(B21,Employees!A:B,2,FALSE) -> Rajat Hela | D21: 0.33333333 | E21: 0.54166667 | F21: 0.58333333 | G21: 0.83333333 | H21: =F21 - E21 -> 0.041666667 | I21: =G21 - D21 -> 0.5 | J21: =I21 - H21 -> 0.45833333 | K21: =MAX( 0, MOD( IFERROR( J21, TIMEVALUE(SUBSTITUTE(J21,CHAR(160),"")) ), 1 ) - TIME(11,0,0) ) -> 0 | L21: =IF(J21="","", IFERROR( HOUR(MIN(MOD(J21,1), TIME(11,0,0))) + MINUTE(MIN(MOD(J21,1), TIME(11,0,0)))/100, HOUR(MIN(MOD(TIMEVALUE(SUBSTITUTE(J21,CHAR(160),"")),1), TIME(11,0,0))) + MINUTE(MIN(MOD(TIMEVALUE(SUBSTITUTE(J21,CHAR(160),"")),1), TIME(11,0,0)))/100 ) ) -> 11 | M21: =IF(K21="","", IFERROR( HOUR(K21)+MINUTE(K21)/100, HOUR(TIMEVALUE(SUBSTITUTE(K21,CHAR(160),""))) +MINUTE(TIMEVALUE(SUBSTITUTE(K21,CHAR(160),"")))/100 ) ) -> 0
B22: 1 | C22: =VLOOKUP(B22,Employees!A:B,2,FALSE) -> Rajat Hela | D22: 0.83333333 | G22: 0.9375 | H22: =F22 - E22 -> 0 | I22: =G22 - D22 -> 0.10416667 | J22: =I22 - H22 -> 0.10416667 | K22: =MAX( 0, MOD( IFERROR( J22, TIMEVALUE(SUBSTITUTE(J22,CHAR(160),"")) ), 1 ) - TIME(11,0,0) ) -> 0 | L22: =IF(J22="","", IFERROR( HOUR(MIN(MOD(J22,1), TIME(11,0,0))) + MINUTE(MIN(MOD(J22,1), TIME(11,0,0)))/100, HOUR(MIN(MOD(TIMEVALUE(SUBSTITUTE(J22,CHAR(160),"")),1), TIME(11,0,0))) + MINUTE(MIN(MOD(TIMEVALUE(SUBSTITUTE(J22,CHAR(160),"")),1), TIME(11,0,0)))/100 ) ) -> 2.3 | M22: =IF(K22="","", IFERROR( HOUR(K22)+MINUTE(K22)/100, HOUR(TIMEVALUE(SUBSTITUTE(K22,CHAR(160),""))) +MINUTE(TIMEVALUE(SUBSTITUTE(K22,CHAR(160),"")))/100 ) ) -> 0
A23: 46119 | B23: 1 | C23: =VLOOKUP(B23,Employees!A:B,2,FALSE) -> Rajat Hela | D23: 0.33333333 | E23: 0.55902778 | F23: 0.60069444 | G23: 0.85416667 | H23: =F23 - E23 -> 0.041666667 | I23: =G23 - D23 -> 0.52083333 | J23: =I23 - H23 -> 0.47916667 | K23: =MAX( 0, MOD( IFERROR( J23, TIMEVALUE(SUBSTITUTE(J23,CHAR(160),"")) ), 1 ) - TIME(11,0,0) ) -> 0.020833333 | L23: =IF(J23="","", IFERROR( HOUR(MIN(MOD(J23,1), TIME(11,0,0))) + MINUTE(MIN(MOD(J23,1), TIME(11,0,0)))/100, HOUR(MIN(MOD(TIMEVALUE(SUBSTITUTE(J23,CHAR(160),"")),1), TIME(11,0,0))) + MINUTE(MIN(MOD(TIMEVALUE(SUBSTITUTE(J23,CHAR(160),"")),1), TIME(11,0,0)))/100 ) ) -> 11 | M23: =IF(K23="","", IFERROR( HOUR(K23)+MINUTE(K23)/100, HOUR(TIMEVALUE(SUBSTITUTE(K23,CHAR(160),""))) +MINUTE(TIMEVALUE(SUBSTITUTE(K23,CHAR(160),"")))/100 ) ) -> 0.3
C24: =VLOOKUP(B24,Employees!A:B,2,FALSE) -> #N/A | H24: =F24 - E24 -> 0 | I24: =G24 - D24 -> 0 | J24: =I24 - H24 -> 0 | K24: =MAX( 0, MOD( IFERROR( J24, TIMEVALUE(SUBSTITUTE(J24,CHAR(160),"")) ), 1 ) - TIME(11,0,0) ) -> 0 | L24: =IF(J24="","", IFERROR( HOUR(MIN(MOD(J24,1), TIME(11,0,0))) + MINUTE(MIN(MOD(J24,1), TIME(11,0,0)))/100, HOUR(MIN(MOD(TIMEVALUE(SUBSTITUTE(J24,CHAR(160),"")),1), TIME(11,0,0))) + MINUTE(MIN(MOD(TIMEVALUE(SUBSTITUTE(J24,CHAR(160),"")),1), TIME(11,0,0)))/100 ) ) -> 0 | M24: =IF(K24="","", IFERROR( HOUR(K24)+MINUTE(K24)/100, HOUR(TIMEVALUE(SUBSTITUTE(K24,CHAR(160),""))) +MINUTE(TIMEVALUE(SUBSTITUTE(K24,CHAR(160),"")))/100 ) ) -> 0
A25: 46120 | G25: Wednesday | L25: =IF(J25="","", IFERROR( HOUR(MIN(MOD(J25,1), TIME(11,0,0))) + MINUTE(MIN(MOD(J25,1), TIME(11,0,0)))/100, HOUR(MIN(MOD(TIMEVALUE(SUBSTITUTE(J25,CHAR(160),"")),1), TIME(11,0,0))) + MINUTE(MIN(MOD(TIMEVALUE(SUBSTITUTE(J25,CHAR(160),"")),1), TIME(11,0,0)))/100 ) ) | M25: =IF(K25="","", IFERROR( HOUR(K25)+MINUTE(K25)/100, HOUR(TIMEVALUE(SUBSTITUTE(K25,CHAR(160),""))) +MINUTE(TIMEVALUE(SUBSTITUTE(K25,CHAR(160),"")))/100 ) )
A26: 46121 | B26: 1 | C26: =VLOOKUP(B26,Employees!A:B,2,FALSE) -> Rajat Hela | D26: 0.33333333 | E26: 0.54166667 | F26: 0.58333333 | G26: 0.83333333 | H26: =F26 - E26 -> 0.041666667 | I26: =G26 - D26 -> 0.5 | J26: =I26 - H26 -> 0.45833333 | K26: =MAX( 0, MOD( IFERROR( J26, TIMEVALUE(SUBSTITUTE(J26,CHAR(160),"")) ), 1 ) - TIME(11,0,0) ) -> 0 | L26: =IF(J26="","", IFERROR( HOUR(MIN(MOD(J26,1), TIME(11,0,0))) + MINUTE(MIN(MOD(J26,1), TIME(11,0,0)))/100, HOUR(MIN(MOD(TIMEVALUE(SUBSTITUTE(J26,CHAR(160),"")),1), TIME(11,0,0))) + MINUTE(MIN(MOD(TIMEVALUE(SUBSTITUTE(J26,CHAR(160),"")),1), TIME(11,0,0)))/100 ) ) -> 11 | M26: =IF(K26="","", IFERROR( HOUR(K26)+MINUTE(K26)/100, HOUR(TIMEVALUE(SUBSTITUTE(K26,CHAR(160),""))) +MINUTE(TIMEVALUE(SUBSTITUTE(K26,CHAR(160),"")))/100 ) ) -> 0
B27: - | C27: Sandip | D27: 0.72916667 | G27: 0.125 | H27: =F27 - E27 -> 0 | I27: =G27 - D27 -> -0.60416667 | J27: =I27 - H27 -> -0.60416667 | K27: =MAX( 0, MOD( IFERROR( J27, TIMEVALUE(SUBSTITUTE(J27,CHAR(160),"")) ), 1 ) - TIME(11,0,0) ) -> 0 | L27: =IF(J27="","", IFERROR( HOUR(MIN(MOD(J27,1), TIME(11,0,0))) + MINUTE(MIN(MOD(J27,1), TIME(11,0,0)))/100, HOUR(MIN(MOD(TIMEVALUE(SUBSTITUTE(J27,CHAR(160),"")),1), TIME(11,0,0))) + MINUTE(MIN(MOD(TIMEVALUE(SUBSTITUTE(J27,CHAR(160),"")),1), TIME(11,0,0)))/100 ) ) -> 9.3 | M27: =IF(K27="","", IFERROR( HOUR(K27)+MINUTE(K27)/100, HOUR(TIMEVALUE(SUBSTITUTE(K27,CHAR(160),""))) +MINUTE(TIMEVALUE(SUBSTITUTE(K27,CHAR(160),"")))/100 ) ) -> 0
A28: 46122 | B28: 1 | C28: =VLOOKUP(B28,Employees!A:B,2,FALSE) -> Rajat Hela | D28: 0.33333333 | E28: 0.54166667 | F28: 0.58333333 | G28: 0.83333333 | H28: =F28 - E28 -> 0.041666667 | I28: =G28 - D28 -> 0.5 | J28: =I28 - H28 -> 0.45833333 | K28: =MAX( 0, MOD( IFERROR( J28, TIMEVALUE(SUBSTITUTE(J28,CHAR(160),"")) ), 1 ) - TIME(11,0,0) ) -> 0 | L28: =IF(J28="","", IFERROR( HOUR(MIN(MOD(J28,1), TIME(11,0,0))) + MINUTE(MIN(MOD(J28,1), TIME(11,0,0)))/100, HOUR(MIN(MOD(TIMEVALUE(SUBSTITUTE(J28,CHAR(160),"")),1), TIME(11,0,0))) + MINUTE(MIN(MOD(TIMEVALUE(SUBSTITUTE(J28,CHAR(160),"")),1), TIME(11,0,0)))/100 ) ) -> 11 | M28: =IF(K28="","", IFERROR( HOUR(K28)+MINUTE(K28)/100, HOUR(TIMEVALUE(SUBSTITUTE(K28,CHAR(160),""))) +MINUTE(TIMEVALUE(SUBSTITUTE(K28,CHAR(160),"")))/100 ) ) -> 0
B29: - | C29: Sandip | D29: 0.83333333 | G29: 0.041666667 | H29: =F29 - E29 -> 0 | I29: =G29 - D29 -> -0.79166667 | J29: =I29 - H29 -> -0.79166667 | K29: =MAX( 0, MOD( IFERROR( J29, TIMEVALUE(SUBSTITUTE(J29,CHAR(160),"")) ), 1 ) - TIME(11,0,0) ) -> 0 | L29: =IF(J29="","", IFERROR( HOUR(MIN(MOD(J29,1), TIME(11,0,0))) + MINUTE(MIN(MOD(J29,1), TIME(11,0,0)))/100, HOUR(MIN(MOD(TIMEVALUE(SUBSTITUTE(J29,CHAR(160),"")),1), TIME(11,0,0))) + MINUTE(MIN(MOD(TIMEVALUE(SUBSTITUTE(J29,CHAR(160),"")),1), TIME(11,0,0)))/100 ) ) -> 5 | M29: =IF(K29="","", IFERROR( HOUR(K29)+MINUTE(K29)/100, HOUR(TIMEVALUE(SUBSTITUTE(K29,CHAR(160),""))) +MINUTE(TIMEVALUE(SUBSTITUTE(K29,CHAR(160),"")))/100 ) ) -> 0
A30: 46123 | B30: 1 | C30: =VLOOKUP(B30,Employees!A:B,2,FALSE) -> Rajat Hela | D30: 0.33333333 | E30: 0.54166667 | F30: 0.58333333 | G30: 0.83333333 | H30: =F30 - E30 -> 0.041666667 | I30: =G30 - D30 -> 0.5 | J30: =I30 - H30 -> 0.45833333 | K30: =MAX( 0, MOD( IFERROR( J30, TIMEVALUE(SUBSTITUTE(J30,CHAR(160),"")) ), 1 ) - TIME(11,0,0) ) -> 0 | L30: =IF(J30="","", IFERROR( HOUR(MIN(MOD(J30,1), TIME(11,0,0))) + MINUTE(MIN(MOD(J30,1), TIME(11,0,0)))/100, HOUR(MIN(MOD(TIMEVALUE(SUBSTITUTE(J30,CHAR(160),"")),1), TIME(11,0,0))) + MINUTE(MIN(MOD(TIMEVALUE(SUBSTITUTE(J30,CHAR(160),"")),1), TIME(11,0,0)))/100 ) ) -> 11 | M30: =IF(K30="","", IFERROR( HOUR(K30)+MINUTE(K30)/100, HOUR(TIMEVALUE(SUBSTITUTE(K30,CHAR(160),""))) +MINUTE(TIMEVALUE(SUBSTITUTE(K30,CHAR(160),"")))/100 ) ) -> 0
B31: 3 | C31: =VLOOKUP(B31,Employees!A:B,2,FALSE) -> Ranjan Kumar | D31: 0.83333333 | G31: 0.29166667 | H31: =F31 - E31 -> 0 | I31: =G31 - D31 -> -0.54166667 | J31: =I31 - H31 -> -0.54166667 | K31: =MAX( 0, MOD( IFERROR( J31, TIMEVALUE(SUBSTITUTE(J31,CHAR(160),"")) ), 1 ) - TIME(11,0,0) ) -> 0 | L31: =IF(J31="","", IFERROR( HOUR(MIN(MOD(J31,1), TIME(11,0,0))) + MINUTE(MIN(MOD(J31,1), TIME(11,0,0)))/100, HOUR(MIN(MOD(TIMEVALUE(SUBSTITUTE(J31,CHAR(160),"")),1), TIME(11,0,0))) + MINUTE(MIN(MOD(TIMEVALUE(SUBSTITUTE(J31,CHAR(160),"")),1), TIME(11,0,0)))/100 ) ) -> 11 | M31: =IF(K31="","", IFERROR( HOUR(K31)+MINUTE(K31)/100, HOUR(TIMEVALUE(SUBSTITUTE(K31,CHAR(160),""))) +MINUTE(TIMEVALUE(SUBSTITUTE(K31,CHAR(160),"")))/100 ) ) -> 0
A32: 46124 | B32: 1 | C32: =VLOOKUP(B32,Employees!A:B,2,FALSE) -> Rajat Hela | D32: 0.33333333 | E32: 0.54166667 | F32: 0.58333333 | G32: 0.83333333 | H32: =F32 - E32 -> 0.041666667 | I32: =G32 - D32 -> 0.5 | J32: =I32 - H32 -> 0.45833333 | K32: =MAX( 0, MOD( IFERROR( J32, TIMEVALUE(SUBSTITUTE(J32,CHAR(160),"")) ), 1 ) - TIME(11,0,0) ) -> 0 | L32: =IF(J32="","", IFERROR( HOUR(MIN(MOD(J32,1), TIME(11,0,0))) + MINUTE(MIN(MOD(J32,1), TIME(11,0,0)))/100, HOUR(MIN(MOD(TIMEVALUE(SUBSTITUTE(J32,CHAR(160),"")),1), TIME(11,0,0))) + MINUTE(MIN(MOD(TIMEVALUE(SUBSTITUTE(J32,CHAR(160),"")),1), TIME(11,0,0)))/100 ) ) -> 11 | M32: =IF(K32="","", IFERROR( HOUR(K32)+MINUTE(K32)/100, HOUR(TIMEVALUE(SUBSTITUTE(K32,CHAR(160),""))) +MINUTE(TIMEVALUE(SUBSTITUTE(K32,CHAR(160),"")))/100 ) ) -> 0
B33: 3 | C33: =VLOOKUP(B33,Employees!A:B,2,FALSE) -> Ranjan Kumar | D33: 0.83333333 | G33: 0.29166667 | H33: =F33 - E33 -> 0 | I33: =G33 - D33 -> -0.54166667 | J33: =I33 - H33 -> -0.54166667 | K33: =MAX( 0, MOD( IFERROR( J33, TIMEVALUE(SUBSTITUTE(J33,CHAR(160),"")) ), 1 ) - TIME(11,0,0) ) -> 0 | L33: =IF(J33="","", IFERROR( HOUR(MIN(MOD(J33,1), TIME(11,0,0))) + MINUTE(MIN(MOD(J33,1), TIME(11,0,0)))/100, HOUR(MIN(MOD(TIMEVALUE(SUBSTITUTE(J33,CHAR(160),"")),1), TIME(11,0,0))) + MINUTE(MIN(MOD(TIMEVALUE(SUBSTITUTE(J33,CHAR(160),"")),1), TIME(11,0,0)))/100 ) ) -> 11 | M33: =IF(K33="","", IFERROR( HOUR(K33)+MINUTE(K33)/100, HOUR(TIMEVALUE(SUBSTITUTE(K33,CHAR(160),""))) +MINUTE(TIMEVALUE(SUBSTITUTE(K33,CHAR(160),"")))/100 ) ) -> 0
A34: 46125 | B34: 1 | C34: =VLOOKUP(B34,Employees!A:B,2,FALSE) -> Rajat Hela | D34: 0.33333333 | E34: 0.54166667 | F34: 0.58333333 | G34: 0.83333333 | H34: =F34 - E34 -> 0.041666667 | I34: =G34 - D34 -> 0.5 | J34: =I34 - H34 -> 0.45833333 | K34: =MAX( 0, MOD( IFERROR( J34, TIMEVALUE(SUBSTITUTE(J34,CHAR(160),"")) ), 1 ) - TIME(11,0,0) ) -> 0 | L34: =IF(J34="","", IFERROR( HOUR(MIN(MOD(J34,1), TIME(11,0,0))) + MINUTE(MIN(MOD(J34,1), TIME(11,0,0)))/100, HOUR(MIN(MOD(TIMEVALUE(SUBSTITUTE(J34,CHAR(160),"")),1), TIME(11,0,0))) + MINUTE(MIN(MOD(TIMEVALUE(SUBSTITUTE(J34,CHAR(160),"")),1), TIME(11,0,0)))/100 ) ) -> 11 | M34: =IF(K34="","", IFERROR( HOUR(K34)+MINUTE(K34)/100, HOUR(TIMEVALUE(SUBSTITUTE(K34,CHAR(160),""))) +MINUTE(TIMEVALUE(SUBSTITUTE(K34,CHAR(160),"")))/100 ) ) -> 0
B35: 3 | C35: =VLOOKUP(B35,Employees!A:B,2,FALSE) -> Ranjan Kumar | D35: 0.83333333 | G35: 0.29166667 | H35: =F35 - E35 -> 0 | I35: =G35 - D35 -> -0.54166667 | J35: =I35 - H35 -> -0.54166667 | K35: =MAX( 0, MOD( IFERROR( J35, TIMEVALUE(SUBSTITUTE(J35,CHAR(160),"")) ), 1 ) - TIME(11,0,0) ) -> 0 | L35: =IF(J35="","", IFERROR( HOUR(MIN(MOD(J35,1), TIME(11,0,0))) + MINUTE(MIN(MOD(J35,1), TIME(11,0,0)))/100, HOUR(MIN(MOD(TIMEVALUE(SUBSTITUTE(J35,CHAR(160),"")),1), TIME(11,0,0))) + MINUTE(MIN(MOD(TIMEVALUE(SUBSTITUTE(J35,CHAR(160),"")),1), TIME(11,0,0)))/100 ) ) -> 11 | M35: =IF(K35="","", IFERROR( HOUR(K35)+MINUTE(K35)/100, HOUR(TIMEVALUE(SUBSTITUTE(K35,CHAR(160),""))) +MINUTE(TIMEVALUE(SUBSTITUTE(K35,CHAR(160),"")))/100 ) ) -> 0
A36: 46126 | B36: 1 | C36: =VLOOKUP(B36,Employees!A:B,2,FALSE) -> Rajat Hela | D36: 0.33333333 | E36: 0.54166667 | F36: 0.58333333 | G36: 0.83333333 | H36: =F36 - E36 -> 0.041666667 | I36: =G36 - D36 -> 0.5 | J36: =I36 - H36 -> 0.45833333 | K36: =MAX( 0, MOD( IFERROR( J36, TIMEVALUE(SUBSTITUTE(J36,CHAR(160),"")) ), 1 ) - TIME(11,0,0) ) -> 0 | L36: =IF(J36="","", IFERROR( HOUR(MIN(MOD(J36,1), TIME(11,0,0))) + MINUTE(MIN(MOD(J36,1), TIME(11,0,0)))/100, HOUR(MIN(MOD(TIMEVALUE(SUBSTITUTE(J36,CHAR(160),"")),1), TIME(11,0,0))) + MINUTE(MIN(MOD(TIMEVALUE(SUBSTITUTE(J36,CHAR(160),"")),1), TIME(11,0,0)))/100 ) ) -> 11 | M36: =IF(K36="","", IFERROR( HOUR(K36)+MINUTE(K36)/100, HOUR(TIMEVALUE(SUBSTITUTE(K36,CHAR(160),""))) +MINUTE(TIMEVALUE(SUBSTITUTE(K36,CHAR(160),"")))/100 ) ) -> 0
B37: 3 | C37: =VLOOKUP(B37,Employees!A:B,2,FALSE) -> Ranjan Kumar | D37: 0.83333333 | G37: 0.29166667 | H37: =F37 - E37 -> 0 | I37: =G37 - D37 -> -0.54166667 | J37: =I37 - H37 -> -0.54166667 | K37: =MAX( 0, MOD( IFERROR( J37, TIMEVALUE(SUBSTITUTE(J37,CHAR(160),"")) ), 1 ) - TIME(11,0,0) ) -> 0 | L37: =IF(J37="","", IFERROR( HOUR(MIN(MOD(J37,1), TIME(11,0,0))) + MINUTE(MIN(MOD(J37,1), TIME(11,0,0)))/100, HOUR(MIN(MOD(TIMEVALUE(SUBSTITUTE(J37,CHAR(160),"")),1), TIME(11,0,0))) + MINUTE(MIN(MOD(TIMEVALUE(SUBSTITUTE(J37,CHAR(160),"")),1), TIME(11,0,0)))/100 ) ) -> 11 | M37: =IF(K37="","", IFERROR( HOUR(K37)+MINUTE(K37)/100, HOUR(TIMEVALUE(SUBSTITUTE(K37,CHAR(160),""))) +MINUTE(TIMEVALUE(SUBSTITUTE(K37,CHAR(160),"")))/100 ) ) -> 0
A38: 46127 | B38: 1 | C38: =VLOOKUP(B38,Employees!A:B,2,FALSE) -> Rajat Hela | D38: 0.35416667 | G38: 0.5625 | H38: 0 | I38: 0.20833333 | J38: 0.20833333 | K38: 0 | L38: =IF(J38="","", IFERROR( HOUR(MIN(MOD(J38,1), TIME(11,0,0))) + MINUTE(MIN(MOD(J38,1), TIME(11,0,0)))/100, HOUR(MIN(MOD(TIMEVALUE(SUBSTITUTE(J38,CHAR(160),"")),1), TIME(11,0,0))) + MINUTE(MIN(MOD(TIMEVALUE(SUBSTITUTE(J38,CHAR(160),"")),1), TIME(11,0,0)))/100 ) ) -> 5 | M38: =IF(K38="","", IFERROR( HOUR(K38)+MINUTE(K38)/100, HOUR(TIMEVALUE(SUBSTITUTE(K38,CHAR(160),""))) +MINUTE(TIMEVALUE(SUBSTITUTE(K38,CHAR(160),"")))/100 ) ) -> 0
B39: 3 | C39: =VLOOKUP(B39,Employees!A:B,2,FALSE) -> Ranjan Kumar | D39: 0.79166667 | G39: 0.10416667 | H39: =F39 - E39 -> 0 | I39: =G39 - D39 -> -0.6875 | J39: =I39 - H39 -> -0.6875 | K39: =MAX( 0, MOD( IFERROR( J39, TIMEVALUE(SUBSTITUTE(J39,CHAR(160),"")) ), 1 ) - TIME(11,0,0) ) -> 0 | L39: =IF(J39="","", IFERROR( HOUR(MIN(MOD(J39,1), TIME(11,0,0))) + MINUTE(MIN(MOD(J39,1), TIME(11,0,0)))/100, HOUR(MIN(MOD(TIMEVALUE(SUBSTITUTE(J39,CHAR(160),"")),1), TIME(11,0,0))) + MINUTE(MIN(MOD(TIMEVALUE(SUBSTITUTE(J39,CHAR(160),"")),1), TIME(11,0,0)))/100 ) ) -> 7.3 | M39: =IF(K39="","", IFERROR( HOUR(K39)+MINUTE(K39)/100, HOUR(TIMEVALUE(SUBSTITUTE(K39,CHAR(160),""))) +MINUTE(TIMEVALUE(SUBSTITUTE(K39,CHAR(160),"")))/100 ) ) -> 0
A40: 46128 | B40: 1 | C40: =VLOOKUP(B40,Employees!A:B,2,FALSE) -> Rajat Hela | D40: 0.33333333 | E40: 0.54166667 | F40: 0.58333333 | G40: 0.83333333 | H40: =F40 - E40 -> 0.041666667 | I40: =G40 - D40 -> 0.5 | J40: =I40 - H40 -> 0.45833333 | K40: =MAX( 0, MOD( IFERROR( J40, TIMEVALUE(SUBSTITUTE(J40,CHAR(160),"")) ), 1 ) - TIME(11,0,0) ) -> 0 | L40: =IF(J40="","", IFERROR( HOUR(MIN(MOD(J40,1), TIME(11,0,0))) + MINUTE(MIN(MOD(J40,1), TIME(11,0,0)))/100, HOUR(MIN(MOD(TIMEVALUE(SUBSTITUTE(J40,CHAR(160),"")),1), TIME(11,0,0))) + MINUTE(MIN(MOD(TIMEVALUE(SUBSTITUTE(J40,CHAR(160),"")),1), TIME(11,0,0)))/100 ) ) -> 11 | M40: =IF(K40="","", IFERROR( HOUR(K40)+MINUTE(K40)/100, HOUR(TIMEVALUE(SUBSTITUTE(K40,CHAR(160),""))) +MINUTE(TIMEVALUE(SUBSTITUTE(K40,CHAR(160),"")))/100 ) ) -> 0
B41: 3 | C41: =VLOOKUP(B41,Employees!A:B,2,FALSE) -> Ranjan Kumar | D41: 0.83333333 | G41: 0.29166667 | H41: =F41 - E41 -> 0 | I41: =G41 - D41 -> -0.54166667 | J41: =I41 - H41 -> -0.54166667 | K41: =MAX( 0, MOD( IFERROR( J41, TIMEVALUE(SUBSTITUTE(J41,CHAR(160),"")) ), 1 ) - TIME(11,0,0) ) -> 0 | L41: =IF(J41="","", IFERROR( HOUR(MIN(MOD(J41,1), TIME(11,0,0))) + MINUTE(MIN(MOD(J41,1), TIME(11,0,0)))/100, HOUR(MIN(MOD(TIMEVALUE(SUBSTITUTE(J41,CHAR(160),"")),1), TIME(11,0,0))) + MINUTE(MIN(MOD(TIMEVALUE(SUBSTITUTE(J41,CHAR(160),"")),1), TIME(11,0,0)))/100 ) ) -> 11 | M41: =IF(K41="","", IFERROR( HOUR(K41)+MINUTE(K41)/100, HOUR(TIMEVALUE(SUBSTITUTE(K41,CHAR(160),""))) +MINUTE(TIMEVALUE(SUBSTITUTE(K41,CHAR(160),"")))/100 ) ) -> 0
A42: 46129 | B42: 1 | C42: =VLOOKUP(B42,Employees!A:B,2,FALSE) -> Rajat Hela | D42: 0.33333333 | E42: 0.54166667 | F42: 0.58333333 | G42: 0.79166667 | H42: =F42 - E42 -> 0.041666667 | I42: =G42 - D42 -> 0.45833333 | J42: =I42 - H42 -> 0.41666667 | K42: =MAX( 0, MOD( IFERROR( J42, TIMEVALUE(SUBSTITUTE(J42,CHAR(160),"")) ), 1 ) - TIME(11,0,0) ) -> 0 | L42: =IF(J42="","", IFERROR( HOUR(MIN(MOD(J42,1), TIME(11,0,0))) + MINUTE(MIN(MOD(J42,1), TIME(11,0,0)))/100, HOUR(MIN(MOD(TIMEVALUE(SUBSTITUTE(J42,CHAR(160),"")),1), TIME(11,0,0))) + MINUTE(MIN(MOD(TIMEVALUE(SUBSTITUTE(J42,CHAR(160),"")),1), TIME(11,0,0)))/100 ) ) -> 10 | M42: =IF(K42="","", IFERROR( HOUR(K42)+MINUTE(K42)/100, HOUR(TIMEVALUE(SUBSTITUTE(K42,CHAR(160),""))) +MINUTE(TIMEVALUE(SUBSTITUTE(K42,CHAR(160),"")))/100 ) ) -> 0
B43: 3 | C43: =VLOOKUP(B43,Employees!A:B,2,FALSE) -> Ranjan Kumar | D43: 0.79166667 | G43: 0.33333333 | H43: =F43 - E43 -> 0 | I43: =G43 - D43 -> -0.45833333 | J43: =I43 - H43 -> -0.45833333 | K43: =MAX( 0, MOD( IFERROR( J43, TIMEVALUE(SUBSTITUTE(J43,CHAR(160),"")) ), 1 ) - TIME(11,0,0) ) -> 0.083333333 | L43: =IF(J43="","", IFERROR( HOUR(MIN(MOD(J43,1), TIME(11,0,0))) + MINUTE(MIN(MOD(J43,1), TIME(11,0,0)))/100, HOUR(MIN(MOD(TIMEVALUE(SUBSTITUTE(J43,CHAR(160),"")),1), TIME(11,0,0))) + MINUTE(MIN(MOD(TIMEVALUE(SUBSTITUTE(J43,CHAR(160),"")),1), TIME(11,0,0)))/100 ) ) -> 11 | M43: =IF(K43="","", IFERROR( HOUR(K43)+MINUTE(K43)/100, HOUR(TIMEVALUE(SUBSTITUTE(K43,CHAR(160),""))) +MINUTE(TIMEVALUE(SUBSTITUTE(K43,CHAR(160),"")))/100 ) ) -> 2
A44: 46130 | B44: 1 | C44: =VLOOKUP(B44,Employees!A:B,2,FALSE) -> Rajat Hela | D44: 0.33333333 | E44: 0.54166667 | F44: 0.58333333 | G44: 0.75 | H44: =F44 - E44 -> 0.041666667 | I44: =G44 - D44 -> 0.41666667 | J44: =I44 - H44 -> 0.375 | K44: =MAX( 0, MOD( IFERROR( J44, TIMEVALUE(SUBSTITUTE(J44,CHAR(160),"")) ), 1 ) - TIME(11,0,0) ) -> 0 | L44: =IF(J44="","", IFERROR( HOUR(MIN(MOD(J44,1), TIME(11,0,0))) + MINUTE(MIN(MOD(J44,1), TIME(11,0,0)))/100, HOUR(MIN(MOD(TIMEVALUE(SUBSTITUTE(J44,CHAR(160),"")),1), TIME(11,0,0))) + MINUTE(MIN(MOD(TIMEVALUE(SUBSTITUTE(J44,CHAR(160),"")),1), TIME(11,0,0)))/100 ) ) -> 9 | M44: =IF(K44="","", IFERROR( HOUR(K44)+MINUTE(K44)/100, HOUR(TIMEVALUE(SUBSTITUTE(K44,CHAR(160),""))) +MINUTE(TIMEVALUE(SUBSTITUTE(K44,CHAR(160),"")))/100 ) ) -> 0
B45: 3 | C45: =VLOOKUP(B45,Employees!A:B,2,FALSE) -> Ranjan Kumar | D45: 0.79166667 | G45: 0.25 | H45: =F45 - E45 -> 0 | I45: =G45 - D45 -> -0.54166667 | J45: =I45 - H45 -> -0.54166667 | K45: =MAX( 0, MOD( IFERROR( J45, TIMEVALUE(SUBSTITUTE(J45,CHAR(160),"")) ), 1 ) - TIME(11,0,0) ) -> 0 | L45: =IF(J45="","", IFERROR( HOUR(MIN(MOD(J45,1), TIME(11,0,0))) + MINUTE(MIN(MOD(J45,1), TIME(11,0,0)))/100, HOUR(MIN(MOD(TIMEVALUE(SUBSTITUTE(J45,CHAR(160),"")),1), TIME(11,0,0))) + MINUTE(MIN(MOD(TIMEVALUE(SUBSTITUTE(J45,CHAR(160),"")),1), TIME(11,0,0)))/100 ) ) -> 11 | M45: =IF(K45="","", IFERROR( HOUR(K45)+MINUTE(K45)/100, HOUR(TIMEVALUE(SUBSTITUTE(K45,CHAR(160),""))) +MINUTE(TIMEVALUE(SUBSTITUTE(K45,CHAR(160),"")))/100 ) ) -> 0
A46: 46131 | B46: 3 | C46: =VLOOKUP(B46,Employees!A:B,2,FALSE) -> Ranjan Kumar | D46: 0.54166667 | G46: 0.041666667 | H46: =F46 - E46 -> 0 | I46: =G46 - D46 -> -0.5 | J46: =I46 - H46 -> -0.5 | K46: =MAX( 0, MOD( IFERROR( J46, TIMEVALUE(SUBSTITUTE(J46,CHAR(160),"")) ), 1 ) - TIME(11,0,0) ) -> 0.041666667 | L46: =IF(J46="","", IFERROR( HOUR(MIN(MOD(J46,1), TIME(11,0,0))) + MINUTE(MIN(MOD(J46,1), TIME(11,0,0)))/100, HOUR(MIN(MOD(TIMEVALUE(SUBSTITUTE(J46,CHAR(160),"")),1), TIME(11,0,0))) + MINUTE(MIN(MOD(TIMEVALUE(SUBSTITUTE(J46,CHAR(160),"")),1), TIME(11,0,0)))/100 ) ) -> 11 | M46: =IF(K46="","", IFERROR( HOUR(K46)+MINUTE(K46)/100, HOUR(TIMEVALUE(SUBSTITUTE(K46,CHAR(160),""))) +MINUTE(TIMEVALUE(SUBSTITUTE(K46,CHAR(160),"")))/100 ) ) -> 1
A47: 46132 | B47: 1 | C47: =VLOOKUP(B47,Employees!A:B,2,FALSE) -> Rajat Hela | D47: 0.33333333 | E47: 0.54166667 | F47: 0.58333333 | G47: 0.83333333 | H47: =F47 - E47 -> 0.041666667 | I47: =G47 - D47 -> 0.5 | J47: =I47 - H47 -> 0.45833333 | K47: =MAX( 0, MOD( IFERROR( J47, TIMEVALUE(SUBSTITUTE(J47,CHAR(160),"")) ), 1 ) - TIME(11,0,0) ) -> 0 | L47: =IF(J47="","", IFERROR( HOUR(MIN(MOD(J47,1), TIME(11,0,0))) + MINUTE(MIN(MOD(J47,1), TIME(11,0,0)))/100, HOUR(MIN(MOD(TIMEVALUE(SUBSTITUTE(J47,CHAR(160),"")),1), TIME(11,0,0))) + MINUTE(MIN(MOD(TIMEVALUE(SUBSTITUTE(J47,CHAR(160),"")),1), TIME(11,0,0)))/100 ) ) -> 11 | M47: =IF(K47="","", IFERROR( HOUR(K47)+MINUTE(K47)/100, HOUR(TIMEVALUE(SUBSTITUTE(K47,CHAR(160),""))) +MINUTE(TIMEVALUE(SUBSTITUTE(K47,CHAR(160),"")))/100 ) ) -> 0
B48: 3 | C48: =VLOOKUP(B48,Employees!A:B,2,FALSE) -> Ranjan Kumar | D48: 0.83333333 | G48: 0.29166667 | H48: =F48 - E48 -> 0 | I48: =G48 - D48 -> -0.54166667 | J48: =I48 - H48 -> -0.54166667 | K48: =MAX( 0, MOD( IFERROR( J48, TIMEVALUE(SUBSTITUTE(J48,CHAR(160),"")) ), 1 ) - TIME(11,0,0) ) -> 0 | L48: =IF(J48="","", IFERROR( HOUR(MIN(MOD(J48,1), TIME(11,0,0))) + MINUTE(MIN(MOD(J48,1), TIME(11,0,0)))/100, HOUR(MIN(MOD(TIMEVALUE(SUBSTITUTE(J48,CHAR(160),"")),1), TIME(11,0,0))) + MINUTE(MIN(MOD(TIMEVALUE(SUBSTITUTE(J48,CHAR(160),"")),1), TIME(11,0,0)))/100 ) ) -> 11 | M48: =IF(K48="","", IFERROR( HOUR(K48)+MINUTE(K48)/100, HOUR(TIMEVALUE(SUBSTITUTE(K48,CHAR(160),""))) +MINUTE(TIMEVALUE(SUBSTITUTE(K48,CHAR(160),"")))/100 ) ) -> 0
A49: 46133 | B49: 1 | C49: =VLOOKUP(B49,Employees!A:B,2,FALSE) -> Rajat Hela | D49: 0.33333333 | E49: 0.54166667 | F49: 0.58333333 | G49: 0.83333333 | H49: =F49 - E49 -> 0.041666667 | I49: =G49 - D49 -> 0.5 | J49: =I49 - H49 -> 0.45833333 | K49: =MAX( 0, MOD( IFERROR( J49, TIMEVALUE(SUBSTITUTE(J49,CHAR(160),"")) ), 1 ) - TIME(11,0,0) ) -> 0 | L49: =IF(J49="","", IFERROR( HOUR(MIN(MOD(J49,1), TIME(11,0,0))) + MINUTE(MIN(MOD(J49,1), TIME(11,0,0)))/100, HOUR(MIN(MOD(TIMEVALUE(SUBSTITUTE(J49,CHAR(160),"")),1), TIME(11,0,0))) + MINUTE(MIN(MOD(TIMEVALUE(SUBSTITUTE(J49,CHAR(160),"")),1), TIME(11,0,0)))/100 ) ) -> 11 | M49: =IF(K49="","", IFERROR( HOUR(K49)+MINUTE(K49)/100, HOUR(TIMEVALUE(SUBSTITUTE(K49,CHAR(160),""))) +MINUTE(TIMEVALUE(SUBSTITUTE(K49,CHAR(160),"")))/100 ) ) -> 0
B50: 3 | C50: =VLOOKUP(B50,Employees!A:B,2,FALSE) -> Ranjan Kumar | D50: 0.83333333 | G50: 0.33333333 | H50: =F50 - E50 -> 0 | I50: =G50 - D50 -> -0.5 | J50: =I50 - H50 -> -0.5 | K50: =MAX( 0, MOD( IFERROR( J50, TIMEVALUE(SUBSTITUTE(J50,CHAR(160),"")) ), 1 ) - TIME(11,0,0) ) -> 0.041666667 | L50: =IF(J50="","", IFERROR( HOUR(MIN(MOD(J50,1), TIME(11,0,0))) + MINUTE(MIN(MOD(J50,1), TIME(11,0,0)))/100, HOUR(MIN(MOD(TIMEVALUE(SUBSTITUTE(J50,CHAR(160),"")),1), TIME(11,0,0))) + MINUTE(MIN(MOD(TIMEVALUE(SUBSTITUTE(J50,CHAR(160),"")),1), TIME(11,0,0)))/100 ) ) -> 11 | M50: =IF(K50="","", IFERROR( HOUR(K50)+MINUTE(K50)/100, HOUR(TIMEVALUE(SUBSTITUTE(K50,CHAR(160),""))) +MINUTE(TIMEVALUE(SUBSTITUTE(K50,CHAR(160),"")))/100 ) ) -> 1
A51: 46134 | G51: Wednesday | L51: =IF(J51="","", IFERROR( HOUR(MIN(MOD(J51,1), TIME(11,0,0))) + MINUTE(MIN(MOD(J51,1), TIME(11,0,0)))/100, HOUR(MIN(MOD(TIMEVALUE(SUBSTITUTE(J51,CHAR(160),"")),1), TIME(11,0,0))) + MINUTE(MIN(MOD(TIMEVALUE(SUBSTITUTE(J51,CHAR(160),"")),1), TIME(11,0,0)))/100 ) ) | M51: =IF(K51="","", IFERROR( HOUR(K51)+MINUTE(K51)/100, HOUR(TIMEVALUE(SUBSTITUTE(K51,CHAR(160),""))) +MINUTE(TIMEVALUE(SUBSTITUTE(K51,CHAR(160),"")))/100 ) )
A52: 46135 | B52: 1 | C52: =VLOOKUP(B52,Employees!A:B,2,FALSE) -> Rajat Hela | D52: 0.33333333 | E52: 0.54166667 | F52: 0.58333333 | G52: 0.83333333 | H52: =F52 - E52 -> 0.041666667 | I52: =G52 - D52 -> 0.5 | J52: =I52 - H52 -> 0.45833333 | K52: =MAX( 0, MOD( IFERROR( J52, TIMEVALUE(SUBSTITUTE(J52,CHAR(160),"")) ), 1 ) - TIME(11,0,0) ) -> 0 | L52: =IF(J52="","", IFERROR( HOUR(MIN(MOD(J52,1), TIME(11,0,0))) + MINUTE(MIN(MOD(J52,1), TIME(11,0,0)))/100, HOUR(MIN(MOD(TIMEVALUE(SUBSTITUTE(J52,CHAR(160),"")),1), TIME(11,0,0))) + MINUTE(MIN(MOD(TIMEVALUE(SUBSTITUTE(J52,CHAR(160),"")),1), TIME(11,0,0)))/100 ) ) -> 11 | M52: =IF(K52="","", IFERROR( HOUR(K52)+MINUTE(K52)/100, HOUR(TIMEVALUE(SUBSTITUTE(K52,CHAR(160),""))) +MINUTE(TIMEVALUE(SUBSTITUTE(K52,CHAR(160),"")))/100 ) ) -> 0
B53: 3 | C53: =VLOOKUP(B53,Employees!A:B,2,FALSE) -> Ranjan Kumar | D53: 0.83333333 | G53: 0.29166667 | H53: =F53 - E53 -> 0 | I53: =G53 - D53 -> -0.54166667 | J53: =I53 - H53 -> -0.54166667 | K53: =MAX( 0, MOD( IFERROR( J53, TIMEVALUE(SUBSTITUTE(J53,CHAR(160),"")) ), 1 ) - TIME(11,0,0) ) -> 0 | L53: =IF(J53="","", IFERROR( HOUR(MIN(MOD(J53,1), TIME(11,0,0))) + MINUTE(MIN(MOD(J53,1), TIME(11,0,0)))/100, HOUR(MIN(MOD(TIMEVALUE(SUBSTITUTE(J53,CHAR(160),"")),1), TIME(11,0,0))) + MINUTE(MIN(MOD(TIMEVALUE(SUBSTITUTE(J53,CHAR(160),"")),1), TIME(11,0,0)))/100 ) ) -> 11 | M53: =IF(K53="","", IFERROR( HOUR(K53)+MINUTE(K53)/100, HOUR(TIMEVALUE(SUBSTITUTE(K53,CHAR(160),""))) +MINUTE(TIMEVALUE(SUBSTITUTE(K53,CHAR(160),"")))/100 ) ) -> 0
A54: 46136 | B54: 1 | C54: =VLOOKUP(B54,Employees!A:B,2,FALSE) -> Rajat Hela | D54: 0.33333333 | E54: 0.54166667 | F54: 0.58333333 | G54: 0.83333333 | H54: =F54 - E54 -> 0.041666667 | I54: =G54 - D54 -> 0.5 | J54: =I54 - H54 -> 0.45833333 | K54: =MAX( 0, MOD( IFERROR( J54, TIMEVALUE(SUBSTITUTE(J54,CHAR(160),"")) ), 1 ) - TIME(11,0,0) ) -> 0 | L54: =IF(J54="","", IFERROR( HOUR(MIN(MOD(J54,1), TIME(11,0,0))) + MINUTE(MIN(MOD(J54,1), TIME(11,0,0)))/100, HOUR(MIN(MOD(TIMEVALUE(SUBSTITUTE(J54,CHAR(160),"")),1), TIME(11,0,0))) + MINUTE(MIN(MOD(TIMEVALUE(SUBSTITUTE(J54,CHAR(160),"")),1), TIME(11,0,0)))/100 ) ) -> 11 | M54: =IF(K54="","", IFERROR( HOUR(K54)+MINUTE(K54)/100, HOUR(TIMEVALUE(SUBSTITUTE(K54,CHAR(160),""))) +MINUTE(TIMEVALUE(SUBSTITUTE(K54,CHAR(160),"")))/100 ) ) -> 0
B55: 3 | C55: =VLOOKUP(B55,Employees!A:B,2,FALSE) -> Ranjan Kumar | D55: 0.83333333 | G55: 0.33333333 | H55: =F55 - E55 -> 0 | I55: =G55 - D55 -> -0.5 | J55: =I55 - H55 -> -0.5 | K55: =MAX( 0, MOD( IFERROR( J55, TIMEVALUE(SUBSTITUTE(J55,CHAR(160),"")) ), 1 ) - TIME(11,0,0) ) -> 0.041666667 | L55: =IF(J55="","", IFERROR( HOUR(MIN(MOD(J55,1), TIME(11,0,0))) + MINUTE(MIN(MOD(J55,1), TIME(11,0,0)))/100, HOUR(MIN(MOD(TIMEVALUE(SUBSTITUTE(J55,CHAR(160),"")),1), TIME(11,0,0))) + MINUTE(MIN(MOD(TIMEVALUE(SUBSTITUTE(J55,CHAR(160),"")),1), TIME(11,0,0)))/100 ) ) -> 11 | M55: =IF(K55="","", IFERROR( HOUR(K55)+MINUTE(K55)/100, HOUR(TIMEVALUE(SUBSTITUTE(K55,CHAR(160),""))) +MINUTE(TIMEVALUE(SUBSTITUTE(K55,CHAR(160),"")))/100 ) ) -> 1
A56: 46137 | B56: 1 | C56: =VLOOKUP(B56,Employees!A:B,2,FALSE) -> Rajat Hela | D56: 0.33333333 | E56: 0.54166667 | F56: 0.58333333 | G56: 0.77083333 | H56: =F56 - E56 -> 0.041666667 | I56: =G56 - D56 -> 0.4375 | J56: =I56 - H56 -> 0.39583333 | K56: =MAX( 0, MOD( IFERROR( J56, TIMEVALUE(SUBSTITUTE(J56,CHAR(160),"")) ), 1 ) - TIME(11,0,0) ) -> 0 | L56: =IF(J56="","", IFERROR( HOUR(MIN(MOD(J56,1), TIME(11,0,0))) + MINUTE(MIN(MOD(J56,1), TIME(11,0,0)))/100, HOUR(MIN(MOD(TIMEVALUE(SUBSTITUTE(J56,CHAR(160),"")),1), TIME(11,0,0))) + MINUTE(MIN(MOD(TIMEVALUE(SUBSTITUTE(J56,CHAR(160),"")),1), TIME(11,0,0)))/100 ) ) -> 9.3 | M56: =IF(K56="","", IFERROR( HOUR(K56)+MINUTE(K56)/100, HOUR(TIMEVALUE(SUBSTITUTE(K56,CHAR(160),""))) +MINUTE(TIMEVALUE(SUBSTITUTE(K56,CHAR(160),"")))/100 ) ) -> 0
B57: 3 | C57: =VLOOKUP(B57,Employees!A:B,2,FALSE) -> Ranjan Kumar | D57: 0.83333333 | G57: 0.10416667 | H57: =F57 - E57 -> 0 | I57: =G57 - D57 -> -0.72916667 | J57: =I57 - H57 -> -0.72916667 | K57: =MAX( 0, MOD( IFERROR( J57, TIMEVALUE(SUBSTITUTE(J57,CHAR(160),"")) ), 1 ) - TIME(11,0,0) ) -> 0 | L57: =IF(J57="","", IFERROR( HOUR(MIN(MOD(J57,1), TIME(11,0,0))) + MINUTE(MIN(MOD(J57,1), TIME(11,0,0)))/100, HOUR(MIN(MOD(TIMEVALUE(SUBSTITUTE(J57,CHAR(160),"")),1), TIME(11,0,0))) + MINUTE(MIN(MOD(TIMEVALUE(SUBSTITUTE(J57,CHAR(160),"")),1), TIME(11,0,0)))/100 ) ) -> 6.3 | M57: =IF(K57="","", IFERROR( HOUR(K57)+MINUTE(K57)/100, HOUR(TIMEVALUE(SUBSTITUTE(K57,CHAR(160),""))) +MINUTE(TIMEVALUE(SUBSTITUTE(K57,CHAR(160),"")))/100 ) ) -> 0
A58: 46138 | B58: 1 | C58: =VLOOKUP(B58,Employees!A:B,2,FALSE) -> Rajat Hela | D58: 0.33333333 | G58: 0.41666667 | H58: =F58 - E58 -> 0 | I58: =G58 - D58 -> 0.083333333 | J58: =I58 - H58 -> 0.083333333 | K58: =MAX( 0, MOD( IFERROR( J58, TIMEVALUE(SUBSTITUTE(J58,CHAR(160),"")) ), 1 ) - TIME(11,0,0) ) -> 0 | L58: =IF(J58="","", IFERROR( HOUR(MIN(MOD(J58,1), TIME(11,0,0))) + MINUTE(MIN(MOD(J58,1), TIME(11,0,0)))/100, HOUR(MIN(MOD(TIMEVALUE(SUBSTITUTE(J58,CHAR(160),"")),1), TIME(11,0,0))) + MINUTE(MIN(MOD(TIMEVALUE(SUBSTITUTE(J58,CHAR(160),"")),1), TIME(11,0,0)))/100 ) ) -> 2 | M58: =IF(K58="","", IFERROR( HOUR(K58)+MINUTE(K58)/100, HOUR(TIMEVALUE(SUBSTITUTE(K58,CHAR(160),""))) +MINUTE(TIMEVALUE(SUBSTITUTE(K58,CHAR(160),"")))/100 ) ) -> 0
B59: 3 | C59: =VLOOKUP(B59,Employees!A:B,2,FALSE) -> Ranjan Kumar | D59: 0.41666667 | E59: 0.54166667 | F59: 0.58333333 | G59: 1 | H59: =F59 - E59 -> 0.041666667 | I59: =G59 - D59 -> 0.58333333 | J59: =I59 - H59 -> 0.54166667 | K59: =MAX( 0, MOD( IFERROR( J59, TIMEVALUE(SUBSTITUTE(J59,CHAR(160),"")) ), 1 ) - TIME(11,0,0) ) -> 0.083333333 | L59: =IF(J59="","", IFERROR( HOUR(MIN(MOD(J59,1), TIME(11,0,0))) + MINUTE(MIN(MOD(J59,1), TIME(11,0,0)))/100, HOUR(MIN(MOD(TIMEVALUE(SUBSTITUTE(J59,CHAR(160),"")),1), TIME(11,0,0))) + MINUTE(MIN(MOD(TIMEVALUE(SUBSTITUTE(J59,CHAR(160),"")),1), TIME(11,0,0)))/100 ) ) -> 11 | M59: =IF(K59="","", IFERROR( HOUR(K59)+MINUTE(K59)/100, HOUR(TIMEVALUE(SUBSTITUTE(K59,CHAR(160),""))) +MINUTE(TIMEVALUE(SUBSTITUTE(K59,CHAR(160),"")))/100 ) ) -> 2
A60: 46139 | B60: 1 | C60: =VLOOKUP(B60,Employees!A:B,2,FALSE) -> Rajat Hela | D60: 0.33333333 | E60: 0.54166667 | F60: 0.58333333 | G60: 0.83333333 | H60: =F60 - E60 -> 0.041666667 | I60: =G60 - D60 -> 0.5 | J60: =I60 - H60 -> 0.45833333 | K60: =MAX( 0, MOD( IFERROR( J60, TIMEVALUE(SUBSTITUTE(J60,CHAR(160),"")) ), 1 ) - TIME(11,0,0) ) -> 0 | L60: =IF(J60="","", IFERROR( HOUR(MIN(MOD(J60,1), TIME(11,0,0))) + MINUTE(MIN(MOD(J60,1), TIME(11,0,0)))/100, HOUR(MIN(MOD(TIMEVALUE(SUBSTITUTE(J60,CHAR(160),"")),1), TIME(11,0,0))) + MINUTE(MIN(MOD(TIMEVALUE(SUBSTITUTE(J60,CHAR(160),"")),1), TIME(11,0,0)))/100 ) ) -> 11 | M60: =IF(K60="","", IFERROR( HOUR(K60)+MINUTE(K60)/100, HOUR(TIMEVALUE(SUBSTITUTE(K60,CHAR(160),""))) +MINUTE(TIMEVALUE(SUBSTITUTE(K60,CHAR(160),"")))/100 ) ) -> 0
B61: 3 | C61: =VLOOKUP(B61,Employees!A:B,2,FALSE) -> Ranjan Kumar | D61: 0.83333333 | G61: 0.33333333 | H61: =F61 - E61 -> 0 | I61: =G61 - D61 -> -0.5 | J61: =I61 - H61 -> -0.5 | K61: =MAX( 0, MOD( IFERROR( J61, TIMEVALUE(SUBSTITUTE(J61,CHAR(160),"")) ), 1 ) - TIME(11,0,0) ) -> 0.041666667 | L61: =IF(J61="","", IFERROR( HOUR(MIN(MOD(J61,1), TIME(11,0,0))) + MINUTE(MIN(MOD(J61,1), TIME(11,0,0)))/100, HOUR(MIN(MOD(TIMEVALUE(SUBSTITUTE(J61,CHAR(160),"")),1), TIME(11,0,0))) + MINUTE(MIN(MOD(TIMEVALUE(SUBSTITUTE(J61,CHAR(160),"")),1), TIME(11,0,0)))/100 ) ) -> 11 | M61: =IF(K61="","", IFERROR( HOUR(K61)+MINUTE(K61)/100, HOUR(TIMEVALUE(SUBSTITUTE(K61,CHAR(160),""))) +MINUTE(TIMEVALUE(SUBSTITUTE(K61,CHAR(160),"")))/100 ) ) -> 1
A62: 46140 | B62: 1 | C62: =VLOOKUP(B62,Employees!A:B,2,FALSE) -> Rajat Hela | D62: 0.33333333 | E62: 0.54166667 | F62: 0.58333333 | G62: 0.83333333 | H62: =F62 - E62 -> 0.041666667 | I62: =G62 - D62 -> 0.5 | J62: =I62 - H62 -> 0.45833333 | K62: =MAX( 0, MOD( IFERROR( J62, TIMEVALUE(SUBSTITUTE(J62,CHAR(160),"")) ), 1 ) - TIME(11,0,0) ) -> 0 | L62: =IF(J62="","", IFERROR( HOUR(MIN(MOD(J62,1), TIME(11,0,0))) + MINUTE(MIN(MOD(J62,1), TIME(11,0,0)))/100, HOUR(MIN(MOD(TIMEVALUE(SUBSTITUTE(J62,CHAR(160),"")),1), TIME(11,0,0))) + MINUTE(MIN(MOD(TIMEVALUE(SUBSTITUTE(J62,CHAR(160),"")),1), TIME(11,0,0)))/100 ) ) -> 11 | M62: =IF(K62="","", IFERROR( HOUR(K62)+MINUTE(K62)/100, HOUR(TIMEVALUE(SUBSTITUTE(K62,CHAR(160),""))) +MINUTE(TIMEVALUE(SUBSTITUTE(K62,CHAR(160),"")))/100 ) ) -> 0
B63: 3 | C63: =VLOOKUP(B63,Employees!A:B,2,FALSE) -> Ranjan Kumar | D63: 0.83333333 | G63: 0.29166667 | H63: =F63 - E63 -> 0 | I63: =G63 - D63 -> -0.54166667 | J63: =I63 - H63 -> -0.54166667 | K63: =MAX( 0, MOD( IFERROR( J63, TIMEVALUE(SUBSTITUTE(J63,CHAR(160),"")) ), 1 ) - TIME(11,0,0) ) -> 0 | L63: =IF(J63="","", IFERROR( HOUR(MIN(MOD(J63,1), TIME(11,0,0))) + MINUTE(MIN(MOD(J63,1), TIME(11,0,0)))/100, HOUR(MIN(MOD(TIMEVALUE(SUBSTITUTE(J63,CHAR(160),"")),1), TIME(11,0,0))) + MINUTE(MIN(MOD(TIMEVALUE(SUBSTITUTE(J63,CHAR(160),"")),1), TIME(11,0,0)))/100 ) ) -> 11 | M63: =IF(K63="","", IFERROR( HOUR(K63)+MINUTE(K63)/100, HOUR(TIMEVALUE(SUBSTITUTE(K63,CHAR(160),""))) +MINUTE(TIMEVALUE(SUBSTITUTE(K63,CHAR(160),"")))/100 ) ) -> 0
A64: 46141 | B64: 1 | C64: =VLOOKUP(B64,Employees!A:B,2,FALSE) -> Rajat Hela | D64: 0.33333333 | G64: 0.54166667 | H64: =F64 - E64 -> 0 | I64: =G64 - D64 -> 0.20833333 | J64: 0.20833333 | L64: =IF(J64="","", IFERROR( HOUR(MIN(MOD(J64,1), TIME(11,0,0))) + MINUTE(MIN(MOD(J64,1), TIME(11,0,0)))/100, HOUR(MIN(MOD(TIMEVALUE(SUBSTITUTE(J64,CHAR(160),"")),1), TIME(11,0,0))) + MINUTE(MIN(MOD(TIMEVALUE(SUBSTITUTE(J64,CHAR(160),"")),1), TIME(11,0,0)))/100 ) ) -> 5 | M64: =IF(K64="","", IFERROR( HOUR(K64)+MINUTE(K64)/100, HOUR(TIMEVALUE(SUBSTITUTE(K64,CHAR(160),""))) +MINUTE(TIMEVALUE(SUBSTITUTE(K64,CHAR(160),"")))/100 ) )
A65: 46142 | B65: 1 | C65: =VLOOKUP(B65,Employees!A:B,2,FALSE) -> Rajat Hela | D65: 0.33333333 | E65: 0.54166667 | F65: 0.58333333 | G65: 0.83333333 | H65: =F65 - E65 -> 0.041666667 | I65: =G65 - D65 -> 0.5 | J65: =I65 - H65 -> 0.45833333 | K65: =MAX( 0, MOD( IFERROR( J65, TIMEVALUE(SUBSTITUTE(J65,CHAR(160),"")) ), 1 ) - TIME(11,0,0) ) -> 0 | L65: =IF(J65="","", IFERROR( HOUR(MIN(MOD(J65,1), TIME(11,0,0))) + MINUTE(MIN(MOD(J65,1), TIME(11,0,0)))/100, HOUR(MIN(MOD(TIMEVALUE(SUBSTITUTE(J65,CHAR(160),"")),1), TIME(11,0,0))) + MINUTE(MIN(MOD(TIMEVALUE(SUBSTITUTE(J65,CHAR(160),"")),1), TIME(11,0,0)))/100 ) ) -> 11 | M65: =IF(K65="","", IFERROR( HOUR(K65)+MINUTE(K65)/100, HOUR(TIMEVALUE(SUBSTITUTE(K65,CHAR(160),""))) +MINUTE(TIMEVALUE(SUBSTITUTE(K65,CHAR(160),"")))/100 ) ) -> 0
B66: 3 | C66: =VLOOKUP(B66,Employees!A:B,2,FALSE) -> Ranjan Kumar | D66: 0.83333333 | G66: 0.29166667 | H66: =F66 - E66 -> 0 | I66: =G66 - D66 -> -0.54166667 | J66: =I66 - H66 -> -0.54166667 | K66: =MAX( 0, MOD( IFERROR( J66, TIMEVALUE(SUBSTITUTE(J66,CHAR(160),"")) ), 1 ) - TIME(11,0,0) ) -> 0 | L66: =IF(J66="","", IFERROR( HOUR(MIN(MOD(J66,1), TIME(11,0,0))) + MINUTE(MIN(MOD(J66,1), TIME(11,0,0)))/100, HOUR(MIN(MOD(TIMEVALUE(SUBSTITUTE(J66,CHAR(160),"")),1), TIME(11,0,0))) + MINUTE(MIN(MOD(TIMEVALUE(SUBSTITUTE(J66,CHAR(160),"")),1), TIME(11,0,0)))/100 ) ) -> 11 | M66: =IF(K66="","", IFERROR( HOUR(K66)+MINUTE(K66)/100, HOUR(TIMEVALUE(SUBSTITUTE(K66,CHAR(160),""))) +MINUTE(TIMEVALUE(SUBSTITUTE(K66,CHAR(160),"")))/100 ) ) -> 0

Sheet 05-2026
A5: Emp ID | B5: Employee Name | C5: Contact | D5: Department | E5: Designation | F5: Basic Salary | G5: Per Day Salary | H5: Per Hour Salary | I5: Total Hours | J5: Total OT (hrs) | K5: Salary Earned
A6: 1 | B6: =VLOOKUP(A6,Employees!A:B,2,FALSE) -> Rajat Hela | C6: =VLOOKUP(A6,Employees!A:C,3,FALSE) -> 9023270731 | D6: =VLOOKUP(A6,Employees!A:D,4,FALSE) -> Production | E6: =VLOOKUP(A6,Employees!A:E,5,FALSE) -> CNC Machine Operator | F6: =VLOOKUP(A6,Employees!A:F,6,FALSE) -> 17000 | G6: =VLOOKUP(A6,Employees!A:G,7,FALSE) -> 653.84615 | H6: =VLOOKUP(A6,Employees!A:H,8,FALSE) -> 59.440559 | I6: =SUMIFS('05-2026'!$L$10:$L$254, '05-2026'!$B$10:$B$254, $A6) -> 233 | J6: =SUMIFS('05-2026'!$M$10:$M$254, '05-2026'!$B$10:$B$254, $A6) -> 0 | K6: =('05-2026'!$I6+'05-2026'!$J6)*'05-2026'!$H6 -> 13849.65
A7: 3 | B7: =VLOOKUP(A7,Employees!A:B,2,FALSE) -> Ranjan Kumar | C7: =VLOOKUP(A7,Employees!A:C,3,FALSE) -> 6206577886 | D7: =VLOOKUP(A7,Employees!A:D,4,FALSE) -> Production | E7: =VLOOKUP(A7,Employees!A:E,5,FALSE) -> CNC Machine Operator | F7: =VLOOKUP(A7,Employees!A:F,6,FALSE) -> 21000 | G7: =VLOOKUP(A7,Employees!A:G,7,FALSE) -> 807.69231 | H7: =VLOOKUP(A7,Employees!A:H,8,FALSE) -> 73.426573 | I7: =SUMIFS('05-2026'!$L$10:$L$254, '05-2026'!$B$10:$B$254, $A7) -> 226.15 | J7: =SUMIFS('05-2026'!$M$10:$M$254, '05-2026'!$B$10:$B$254, $A7) -> 7 | K7: =('05-2026'!$I7+'05-2026'!$J7)*'05-2026'!$H7 -> 17119.406
A9: Date | B9: Employee ID | C9: Employee Name | D9: Check-In | E9: Break Start | F9: Break End | G9: Check-Out | H9: Total Break (hrs) | I9: Total Working (hrs) | J9: Net Working (hrs) | K9: Over Time (hrs) | L9: NW (For Calc) | M9: Ot (For Calc)
L10: =IF(J10="","", IFERROR( HOUR(J10)+MINUTE(J10)/100, HOUR(TIMEVALUE(SUBSTITUTE(J10,CHAR(160),""))) +MINUTE(TIMEVALUE(SUBSTITUTE(J10,CHAR(160),"")))/100 ) ) | M10: =IF(K10="","", IFERROR( HOUR(K10)+MINUTE(K10)/100, HOUR(TIMEVALUE(SUBSTITUTE(K10,CHAR(160),""))) +MINUTE(TIMEVALUE(SUBSTITUTE(K10,CHAR(160),"")))/100 ) )
A11: 46143 | B11: 1 | C11: =VLOOKUP(B11,Employees!A:B,2,FALSE) -> Rajat Hela | D11: 0.33333333 | E11: 0.54166667 | F11: 0.58333333 | G11: 0.83333333 | H11: =F11 - E11 -> 0.041666667 | I11: =G11 - D11 -> 0.5 | J11: =I11 - H11 -> 0.45833333 | K11: =MAX( 0, MOD( IFERROR( J11, TIMEVALUE(SUBSTITUTE(J11,CHAR(160),"")) ), 1 ) - TIME(11,0,0) ) -> 0 | L11: =IF(J11="","", IFERROR( HOUR(MIN(MOD(J11,1), TIME(11,0,0))) + MINUTE(MIN(MOD(J11,1), TIME(11,0,0)))/100, HOUR(MIN(MOD(TIMEVALUE(SUBSTITUTE(J11,CHAR(160),"")),1), TIME(11,0,0))) + MINUTE(MIN(MOD(TIMEVALUE(SUBSTITUTE(J11,CHAR(160),"")),1), TIME(11,0,0)))/100 ) ) -> 11 | M11: =IF(K11="","", IFERROR( HOUR(K11)+MINUTE(K11)/100, HOUR(TIMEVALUE(SUBSTITUTE(K11,CHAR(160),""))) +MINUTE(TIMEVALUE(SUBSTITUTE(K11,CHAR(160),"")))/100 ) ) -> 0
B12: 3 | C12: =VLOOKUP(B12,Employees!A:B,2,FALSE) -> Ranjan Kumar | D12: 0.83333333 | G12: 0.29166667 | H12: =F12 - E12 -> 0 | I12: =G12 - D12 -> -0.54166667 | J12: =I12 - H12 -> -0.54166667 | K12: =MAX( 0, MOD( IFERROR( J12, TIMEVALUE(SUBSTITUTE(J12,CHAR(160),"")) ), 1 ) - TIME(11,0,0) ) -> 0 | L12: =IF(J12="","", IFERROR( HOUR(MIN(MOD(J12,1), TIME(11,0,0))) + MINUTE(MIN(MOD(J12,1), TIME(11,0,0)))/100, HOUR(MIN(MOD(TIMEVALUE(SUBSTITUTE(J12,CHAR(160),"")),1), TIME(11,0,0))) + MINUTE(MIN(MOD(TIMEVALUE(SUBSTITUTE(J12,CHAR(160),"")),1), TIME(11,0,0)))/100 ) ) -> 11 | M12: =IF(K12="","", IFERROR( HOUR(K12)+MINUTE(K12)/100, HOUR(TIMEVALUE(SUBSTITUTE(K12,CHAR(160),""))) +MINUTE(TIMEVALUE(SUBSTITUTE(K12,CHAR(160),"")))/100 ) ) -> 0
A13: 46144 | B13: 1 | C13: =VLOOKUP(B13,Employees!A:B,2,FALSE) -> Rajat Hela | D13: 0.33333333 | E13: 0.54166667 | F13: 0.58333333 | G13: 0.83333333 | H13: =F13 - E13 -> 0.041666667 | I13: =G13 - D13 -> 0.5 | J13: =I13 - H13 -> 0.45833333 | K13: =MAX( 0, MOD( IFERROR( J13, TIMEVALUE(SUBSTITUTE(J13,CHAR(160),"")) ), 1 ) - TIME(11,0,0) ) -> 0 | L13: =IF(J13="","", IFERROR( HOUR(MIN(MOD(J13,1), TIME(11,0,0))) + MINUTE(MIN(MOD(J13,1), TIME(11,0,0)))/100, HOUR(MIN(MOD(TIMEVALUE(SUBSTITUTE(J13,CHAR(160),"")),1), TIME(11,0,0))) + MINUTE(MIN(MOD(TIMEVALUE(SUBSTITUTE(J13,CHAR(160),"")),1), TIME(11,0,0)))/100 ) ) -> 11 | M13: =IF(K13="","", IFERROR( HOUR(K13)+MINUTE(K13)/100, HOUR(TIMEVALUE(SUBSTITUTE(K13,CHAR(160),""))) +MINUTE(TIMEVALUE(SUBSTITUTE(K13,CHAR(160),"")))/100 ) ) -> 0
B14: 3 | C14: =VLOOKUP(B14,Employees!A:B,2,FALSE) -> Ranjan Kumar | D14: 0.83333333 | G14: 0.29166667 | H14: =F14 - E14 -> 0 | I14: =G14 - D14 -> -0.54166667 | J14: =I14 - H14 -> -0.54166667 | K14: =MAX( 0, MOD( IFERROR( J14, TIMEVALUE(SUBSTITUTE(J14,CHAR(160),"")) ), 1 ) - TIME(11,0,0) ) -> 0 | L14: =IF(J14="","", IFERROR( HOUR(MIN(MOD(J14,1), TIME(11,0,0))) + MINUTE(MIN(MOD(J14,1), TIME(11,0,0)))/100, HOUR(MIN(MOD(TIMEVALUE(SUBSTITUTE(J14,CHAR(160),"")),1), TIME(11,0,0))) + MINUTE(MIN(MOD(TIMEVALUE(SUBSTITUTE(J14,CHAR(160),"")),1), TIME(11,0,0)))/100 ) ) -> 11 | M14: =IF(K14="","", IFERROR( HOUR(K14)+MINUTE(K14)/100, HOUR(TIMEVALUE(SUBSTITUTE(K14,CHAR(160),""))) +MINUTE(TIMEVALUE(SUBSTITUTE(K14,CHAR(160),"")))/100 ) ) -> 0
A15: 46145 | B15: 1 | C15: =VLOOKUP(B15,Employees!A:B,2,FALSE) -> Rajat Hela | D15: 0.33333333 | E15: 0.5 | F15: 0.54166667 | G15: 0.83333333 | H15: =F15 - E15 -> 0.041666667 | I15: =G15 - D15 -> 0.5 | J15: =I15 - H15 -> 0.45833333 | K15: =MAX( 0, MOD( IFERROR( J15, TIMEVALUE(SUBSTITUTE(J15,CHAR(160),"")) ), 1 ) - TIME(11,0,0) ) -> 0 | L15: =IF(J15="","", IFERROR( HOUR(MIN(MOD(J15,1), TIME(11,0,0))) + MINUTE(MIN(MOD(J15,1), TIME(11,0,0)))/100, HOUR(MIN(MOD(TIMEVALUE(SUBSTITUTE(J15,CHAR(160),"")),1), TIME(11,0,0))) + MINUTE(MIN(MOD(TIMEVALUE(SUBSTITUTE(J15,CHAR(160),"")),1), TIME(11,0,0)))/100 ) ) -> 11 | M15: =IF(K15="","", IFERROR( HOUR(K15)+MINUTE(K15)/100, HOUR(TIMEVALUE(SUBSTITUTE(K15,CHAR(160),""))) +MINUTE(TIMEVALUE(SUBSTITUTE(K15,CHAR(160),"")))/100 ) ) -> 0
B16: 3 | C16: =VLOOKUP(B16,Employees!A:B,2,FALSE) -> Ranjan Kumar | D16: 0.83333333 | G16: 0.33333333 | H16: =F16 - E16 -> 0 | I16: =G16 - D16 -> -0.5 | J16: =I16 - H16 -> -0.5 | K16: =MAX( 0, MOD( IFERROR( J16, TIMEVALUE(SUBSTITUTE(J16,CHAR(160),"")) ), 1 ) - TIME(11,0,0) ) -> 0.041666667 | L16: =IF(J16="","", IFERROR( HOUR(MIN(MOD(J16,1), TIME(11,0,0))) + MINUTE(MIN(MOD(J16,1), TIME(11,0,0)))/100, HOUR(MIN(MOD(TIMEVALUE(SUBSTITUTE(J16,CHAR(160),"")),1), TIME(11,0,0))) + MINUTE(MIN(MOD(TIMEVALUE(SUBSTITUTE(J16,CHAR(160),"")),1), TIME(11,0,0)))/100 ) ) -> 11 | M16: =IF(K16="","", IFERROR( HOUR(K16)+MINUTE(K16)/100, HOUR(TIMEVALUE(SUBSTITUTE(K16,CHAR(160),""))) +MINUTE(TIMEVALUE(SUBSTITUTE(K16,CHAR(160),"")))/100 ) ) -> 1
A17: 46146 | B17: 1 | C17: =VLOOKUP(B17,Employees!A:B,2,FALSE) -> Rajat Hela | D17: 0.33333333 | E17: 0.54166667 | F17: 0.58333333 | G17: 0.83333333 | H17: =F17 - E17 -> 0.041666667 | I17: =G17 - D17 -> 0.5 | J17: =I17 - H17 -> 0.45833333 | K17: =MAX( 0, MOD( IFERROR( J17, TIMEVALUE(SUBSTITUTE(J17,CHAR(160),"")) ), 1 ) - TIME(11,0,0) ) -> 0 | L17: =IF(J17="","", IFERROR( HOUR(MIN(MOD(J17,1), TIME(11,0,0))) + MINUTE(MIN(MOD(J17,1), TIME(11,0,0)))/100, HOUR(MIN(MOD(TIMEVALUE(SUBSTITUTE(J17,CHAR(160),"")),1), TIME(11,0,0))) + MINUTE(MIN(MOD(TIMEVALUE(SUBSTITUTE(J17,CHAR(160),"")),1), TIME(11,0,0)))/100 ) ) -> 11 | M17: =IF(K17="","", IFERROR( HOUR(K17)+MINUTE(K17)/100, HOUR(TIMEVALUE(SUBSTITUTE(K17,CHAR(160),""))) +MINUTE(TIMEVALUE(SUBSTITUTE(K17,CHAR(160),"")))/100 ) ) -> 0
B18: 3 | C18: =VLOOKUP(B18,Employees!A:B,2,FALSE) -> Ranjan Kumar | D18: 0.83333333 | G18: 0.375 | H18: =F18 - E18 -> 0 | I18: =G18 - D18 -> -0.45833333 | J18: =I18 - H18 -> -0.45833333 | K18: =MAX( 0, MOD( IFERROR( J18, TIMEVALUE(SUBSTITUTE(J18,CHAR(160),"")) ), 1 ) - TIME(11,0,0) ) -> 0.083333333 | L18: =IF(J18="","", IFERROR( HOUR(MIN(MOD(J18,1), TIME(11,0,0))) + MINUTE(MIN(MOD(J18,1), TIME(11,0,0)))/100, HOUR(MIN(MOD(TIMEVALUE(SUBSTITUTE(J18,CHAR(160),"")),1), TIME(11,0,0))) + MINUTE(MIN(MOD(TIMEVALUE(SUBSTITUTE(J18,CHAR(160),"")),1), TIME(11,0,0)))/100 ) ) -> 11 | M18: =IF(K18="","", IFERROR( HOUR(K18)+MINUTE(K18)/100, HOUR(TIMEVALUE(SUBSTITUTE(K18,CHAR(160),""))) +MINUTE(TIMEVALUE(SUBSTITUTE(K18,CHAR(160),"")))/100 ) ) -> 2
A19: 46147 | B19: 1 | C19: =VLOOKUP(B19,Employees!A:B,2,FALSE) -> Rajat Hela | D19: 0.33333333 | E19: 0.54166667 | F19: 0.58333333 | G19: 0.66666667 | H19: =F19 - E19 -> 0.041666667 | I19: =G19 - D19 -> 0.33333333 | J19: =I19 - H19 -> 0.29166667 | K19: =MAX( 0, MOD( IFERROR( J19, TIMEVALUE(SUBSTITUTE(J19,CHAR(160),"")) ), 1 ) - TIME(11,0,0) ) -> 0 | L19: =IF(J19="","", IFERROR( HOUR(MIN(MOD(J19,1), TIME(11,0,0))) + MINUTE(MIN(MOD(J19,1), TIME(11,0,0)))/100, HOUR(MIN(MOD(TIMEVALUE(SUBSTITUTE(J19,CHAR(160),"")),1), TIME(11,0,0))) + MINUTE(MIN(MOD(TIMEVALUE(SUBSTITUTE(J19,CHAR(160),"")),1), TIME(11,0,0)))/100 ) ) -> 7 | M19: =IF(K19="","", IFERROR( HOUR(K19)+MINUTE(K19)/100, HOUR(TIMEVALUE(SUBSTITUTE(K19,CHAR(160),""))) +MINUTE(TIMEVALUE(SUBSTITUTE(K19,CHAR(160),"")))/100 ) ) -> 0
C20: =VLOOKUP(B20,Employees!A:B,2,FALSE) -> #N/A | H20: =F20 - E20 -> 0 | I20: =G20 - D20 -> 0 | J20: =I20 - H20 -> 0 | K20: =MAX( 0, MOD( IFERROR( J20, TIMEVALUE(SUBSTITUTE(J20,CHAR(160),"")) ), 1 ) - TIME(11,0,0) ) -> 0 | L20: =IF(J20="","", IFERROR( HOUR(MIN(MOD(J20,1), TIME(11,0,0))) + MINUTE(MIN(MOD(J20,1), TIME(11,0,0)))/100, HOUR(MIN(MOD(TIMEVALUE(SUBSTITUTE(J20,CHAR(160),"")),1), TIME(11,0,0))) + MINUTE(MIN(MOD(TIMEVALUE(SUBSTITUTE(J20,CHAR(160),"")),1), TIME(11,0,0)))/100 ) ) -> 0 | M20: =IF(K20="","", IFERROR( HOUR(K20)+MINUTE(K20)/100, HOUR(TIMEVALUE(SUBSTITUTE(K20,CHAR(160),""))) +MINUTE(TIMEVALUE(SUBSTITUTE(K20,CHAR(160),"")))/100 ) ) -> 0
A21: 46148 | G21: Wednesday | L21: =IF(J21="","", IFERROR( HOUR(MIN(MOD(J21,1), TIME(11,0,0))) + MINUTE(MIN(MOD(J21,1), TIME(11,0,0)))/100, HOUR(MIN(MOD(TIMEVALUE(SUBSTITUTE(J21,CHAR(160),"")),1), TIME(11,0,0))) + MINUTE(MIN(MOD(TIMEVALUE(SUBSTITUTE(J21,CHAR(160),"")),1), TIME(11,0,0)))/100 ) ) | M21: =IF(K21="","", IFERROR( HOUR(K21)+MINUTE(K21)/100, HOUR(TIMEVALUE(SUBSTITUTE(K21,CHAR(160),""))) +MINUTE(TIMEVALUE(SUBSTITUTE(K21,CHAR(160),"")))/100 ) )
A22: 46149 | B22: 1 | C22: =VLOOKUP(B22,Employees!A:B,2,FALSE) -> Rajat Hela | D22: 0.5 | G22: 0.66666667 | H22: =F22 - E22 -> 0 | I22: =G22 - D22 -> 0.16666667 | J22: =I22 - H22 -> 0.16666667 | K22: =MAX( 0, MOD( IFERROR( J22, TIMEVALUE(SUBSTITUTE(J22,CHAR(160),"")) ), 1 ) - TIME(11,0,0) ) -> 0 | L22: =IF(J22="","", IFERROR( HOUR(MIN(MOD(J22,1), TIME(11,0,0))) + MINUTE(MIN(MOD(J22,1), TIME(11,0,0)))/100, HOUR(MIN(MOD(TIMEVALUE(SUBSTITUTE(J22,CHAR(160),"")),1), TIME(11,0,0))) + MINUTE(MIN(MOD(TIMEVALUE(SUBSTITUTE(J22,CHAR(160),"")),1), TIME(11,0,0)))/100 ) ) -> 4 | M22: =IF(K22="","", IFERROR( HOUR(K22)+MINUTE(K22)/100, HOUR(TIMEVALUE(SUBSTITUTE(K22,CHAR(160),""))) +MINUTE(TIMEVALUE(SUBSTITUTE(K22,CHAR(160),"")))/100 ) ) -> 0
B23: 3 | C23: =VLOOKUP(B23,Employees!A:B,2,FALSE) -> Ranjan Kumar | D23: 0.5 | G23: 0.66666667 | H23: =F23 - E23 -> 0 | I23: =G23 - D23 -> 0.16666667 | J23: =I23 - H23 -> 0.16666667 | K23: =MAX( 0, MOD( IFERROR( J23, TIMEVALUE(SUBSTITUTE(J23,CHAR(160),"")) ), 1 ) - TIME(11,0,0) ) -> 0 | L23: =IF(J23="","", IFERROR( HOUR(MIN(MOD(J23,1), TIME(11,0,0))) + MINUTE(MIN(MOD(J23,1), TIME(11,0,0)))/100, HOUR(MIN(MOD(TIMEVALUE(SUBSTITUTE(J23,CHAR(160),"")),1), TIME(11,0,0))) + MINUTE(MIN(MOD(TIMEVALUE(SUBSTITUTE(J23,CHAR(160),"")),1), TIME(11,0,0)))/100 ) ) -> 4 | M23: =IF(K23="","", IFERROR( HOUR(K23)+MINUTE(K23)/100, HOUR(TIMEVALUE(SUBSTITUTE(K23,CHAR(160),""))) +MINUTE(TIMEVALUE(SUBSTITUTE(K23,CHAR(160),"")))/100 ) ) -> 0
A24: 46150 | C24: =VLOOKUP(B24,Employees!A:B,2,FALSE) -> #N/A | H24: =F24 - E24 -> 0 | I24: =G24 - D24 -> 0 | J24: =I24 - H24 -> 0 | K24: =MAX( 0, MOD( IFERROR( J24, TIMEVALUE(SUBSTITUTE(J24,CHAR(160),"")) ), 1 ) - TIME(11,0,0) ) -> 0 | L24: =IF(J24="","", IFERROR( HOUR(MIN(MOD(J24,1), TIME(11,0,0))) + MINUTE(MIN(MOD(J24,1), TIME(11,0,0)))/100, HOUR(MIN(MOD(TIMEVALUE(SUBSTITUTE(J24,CHAR(160),"")),1), TIME(11,0,0))) + MINUTE(MIN(MOD(TIMEVALUE(SUBSTITUTE(J24,CHAR(160),"")),1), TIME(11,0,0)))/100 ) ) -> 0 | M24: =IF(K24="","", IFERROR( HOUR(K24)+MINUTE(K24)/100, HOUR(TIMEVALUE(SUBSTITUTE(K24,CHAR(160),""))) +MINUTE(TIMEVALUE(SUBSTITUTE(K24,CHAR(160),"")))/100 ) ) -> 0
C25: =VLOOKUP(B25,Employees!A:B,2,FALSE) -> #N/A | H25: =F25 - E25 -> 0 | I25: =G25 - D25 -> 0 | J25: =I25 - H25 -> 0 | K25: =MAX( 0, MOD( IFERROR( J25, TIMEVALUE(SUBSTITUTE(J25,CHAR(160),"")) ), 1 ) - TIME(11,0,0) ) -> 0 | L25: =IF(J25="","", IFERROR( HOUR(MIN(MOD(J25,1), TIME(11,0,0))) + MINUTE(MIN(MOD(J25,1), TIME(11,0,0)))/100, HOUR(MIN(MOD(TIMEVALUE(SUBSTITUTE(J25,CHAR(160),"")),1), TIME(11,0,0))) + MINUTE(MIN(MOD(TIMEVALUE(SUBSTITUTE(J25,CHAR(160),"")),1), TIME(11,0,0)))/100 ) ) -> 0 | M25: =IF(K25="","", IFERROR( HOUR(K25)+MINUTE(K25)/100, HOUR(TIMEVALUE(SUBSTITUTE(K25,CHAR(160),""))) +MINUTE(TIMEVALUE(SUBSTITUTE(K25,CHAR(160),"")))/100 ) ) -> 0
A26: 46151 | C26: =VLOOKUP(B26,Employees!A:B,2,FALSE) -> #N/A | H26: =F26 - E26 -> 0 | I26: =G26 - D26 -> 0 | J26: =I26 - H26 -> 0 | K26: =MAX( 0, MOD( IFERROR( J26, TIMEVALUE(SUBSTITUTE(J26,CHAR(160),"")) ), 1 ) - TIME(11,0,0) ) -> 0 | L26: =IF(J26="","", IFERROR( HOUR(MIN(MOD(J26,1), TIME(11,0,0))) + MINUTE(MIN(MOD(J26,1), TIME(11,0,0)))/100, HOUR(MIN(MOD(TIMEVALUE(SUBSTITUTE(J26,CHAR(160),"")),1), TIME(11,0,0))) + MINUTE(MIN(MOD(TIMEVALUE(SUBSTITUTE(J26,CHAR(160),"")),1), TIME(11,0,0)))/100 ) ) -> 0 | M26: =IF(K26="","", IFERROR( HOUR(K26)+MINUTE(K26)/100, HOUR(TIMEVALUE(SUBSTITUTE(K26,CHAR(160),""))) +MINUTE(TIMEVALUE(SUBSTITUTE(K26,CHAR(160),"")))/100 ) ) -> 0
C27: =VLOOKUP(B27,Employees!A:B,2,FALSE) -> #N/A | H27: =F27 - E27 -> 0 | I27: =G27 - D27 -> 0 | J27: =I27 - H27 -> 0 | K27: =MAX( 0, MOD( IFERROR( J27, TIMEVALUE(SUBSTITUTE(J27,CHAR(160),"")) ), 1 ) - TIME(11,0,0) ) -> 0 | L27: =IF(J27="","", IFERROR( HOUR(MIN(MOD(J27,1), TIME(11,0,0))) + MINUTE(MIN(MOD(J27,1), TIME(11,0,0)))/100, HOUR(MIN(MOD(TIMEVALUE(SUBSTITUTE(J27,CHAR(160),"")),1), TIME(11,0,0))) + MINUTE(MIN(MOD(TIMEVALUE(SUBSTITUTE(J27,CHAR(160),"")),1), TIME(11,0,0)))/100 ) ) -> 0 | M27: =IF(K27="","", IFERROR( HOUR(K27)+MINUTE(K27)/100, HOUR(TIMEVALUE(SUBSTITUTE(K27,CHAR(160),""))) +MINUTE(TIMEVALUE(SUBSTITUTE(K27,CHAR(160),"")))/100 ) ) -> 0
A28: 46152 | B28: 1 | C28: =VLOOKUP(B28,Employees!A:B,2,FALSE) -> Rajat Hela | D28: 0.33333333 | E28: 0.54166667 | F28: 0.58333333 | G28: 0.70833333 | H28: =F28 - E28 -> 0.041666667 | I28: =G28 - D28 -> 0.375 | J28: =I28 - H28 -> 0.33333333 | K28: =MAX( 0, MOD( IFERROR( J28, TIMEVALUE(SUBSTITUTE(J28,CHAR(160),"")) ), 1 ) - TIME(11,0,0) ) -> 0 | L28: =IF(J28="","", IFERROR( HOUR(MIN(MOD(J28,1), TIME(11,0,0))) + MINUTE(MIN(MOD(J28,1), TIME(11,0,0)))/100, HOUR(MIN(MOD(TIMEVALUE(SUBSTITUTE(J28,CHAR(160),"")),1), TIME(11,0,0))) + MINUTE(MIN(MOD(TIMEVALUE(SUBSTITUTE(J28,CHAR(160),"")),1), TIME(11,0,0)))/100 ) ) -> 8 | M28: =IF(K28="","", IFERROR( HOUR(K28)+MINUTE(K28)/100, HOUR(TIMEVALUE(SUBSTITUTE(K28,CHAR(160),""))) +MINUTE(TIMEVALUE(SUBSTITUTE(K28,CHAR(160),"")))/100 ) ) -> 0
B29: 3 | C29: =VLOOKUP(B29,Employees!A:B,2,FALSE) -> Ranjan Kumar | D29: 0.70833333 | G29: 0.041666667 | H29: =F29 - E29 -> 0 | I29: =G29 - D29 -> -0.66666667 | J29: =I29 - H29 -> -0.66666667 | K29: =MAX( 0, MOD( IFERROR( J29, TIMEVALUE(SUBSTITUTE(J29,CHAR(160),"")) ), 1 ) - TIME(11,0,0) ) -> 0 | L29: =IF(J29="","", IFERROR( HOUR(MIN(MOD(J29,1), TIME(11,0,0))) + MINUTE(MIN(MOD(J29,1), TIME(11,0,0)))/100, HOUR(MIN(MOD(TIMEVALUE(SUBSTITUTE(J29,CHAR(160),"")),1), TIME(11,0,0))) + MINUTE(MIN(MOD(TIMEVALUE(SUBSTITUTE(J29,CHAR(160),"")),1), TIME(11,0,0)))/100 ) ) -> 8 | M29: =IF(K29="","", IFERROR( HOUR(K29)+MINUTE(K29)/100, HOUR(TIMEVALUE(SUBSTITUTE(K29,CHAR(160),""))) +MINUTE(TIMEVALUE(SUBSTITUTE(K29,CHAR(160),"")))/100 ) ) -> 0
A30: 46153 | B30: 3 | C30: =VLOOKUP(B30,Employees!A:B,2,FALSE) -> Ranjan Kumar | D30: 0.33333333 | E30: 0.54166667 | F30: 0.58333333 | G30: 0.76041667 | H30: =F30 - E30 -> 0.041666667 | I30: =G30 - D30 -> 0.42708333 | J30: =I30 - H30 -> 0.38541667 | K30: =MAX( 0, MOD( IFERROR( J30, TIMEVALUE(SUBSTITUTE(J30,CHAR(160),"")) ), 1 ) - TIME(11,0,0) ) -> 0 | L30: =IF(J30="","", IFERROR( HOUR(MIN(MOD(J30,1), TIME(11,0,0))) + MINUTE(MIN(MOD(J30,1), TIME(11,0,0)))/100, HOUR(MIN(MOD(TIMEVALUE(SUBSTITUTE(J30,CHAR(160),"")),1), TIME(11,0,0))) + MINUTE(MIN(MOD(TIMEVALUE(SUBSTITUTE(J30,CHAR(160),"")),1), TIME(11,0,0)))/100 ) ) -> 9.15 | M30: =IF(K30="","", IFERROR( HOUR(K30)+MINUTE(K30)/100, HOUR(TIMEVALUE(SUBSTITUTE(K30,CHAR(160),""))) +MINUTE(TIMEVALUE(SUBSTITUTE(K30,CHAR(160),"")))/100 ) ) -> 0
C31: =VLOOKUP(B31,Employees!A:B,2,FALSE) -> #N/A | H31: =F31 - E31 -> 0 | I31: =G31 - D31 -> 0 | J31: =I31 - H31 -> 0 | K31: =MAX( 0, MOD( IFERROR( J31, TIMEVALUE(SUBSTITUTE(J31,CHAR(160),"")) ), 1 ) - TIME(11,0,0) ) -> 0 | L31: =IF(J31="","", IFERROR( HOUR(MIN(MOD(J31,1), TIME(11,0,0))) + MINUTE(MIN(MOD(J31,1), TIME(11,0,0)))/100, HOUR(MIN(MOD(TIMEVALUE(SUBSTITUTE(J31,CHAR(160),"")),1), TIME(11,0,0))) + MINUTE(MIN(MOD(TIMEVALUE(SUBSTITUTE(J31,CHAR(160),"")),1), TIME(11,0,0)))/100 ) ) -> 0 | M31: =IF(K31="","", IFERROR( HOUR(K31)+MINUTE(K31)/100, HOUR(TIMEVALUE(SUBSTITUTE(K31,CHAR(160),""))) +MINUTE(TIMEVALUE(SUBSTITUTE(K31,CHAR(160),"")))/100 ) ) -> 0
A32: 46154 | B32: 1 | C32: =VLOOKUP(B32,Employees!A:B,2,FALSE) -> Rajat Hela | D32: 0.33333333 | E32: 0.54166667 | F32: 0.58333333 | G32: 0.70833333 | H32: =F32 - E32 -> 0.041666667 | I32: =G32 - D32 -> 0.375 | J32: =I32 - H32 -> 0.33333333 | K32: =MAX( 0, MOD( IFERROR( J32, TIMEVALUE(SUBSTITUTE(J32,CHAR(160),"")) ), 1 ) - TIME(11,0,0) ) -> 0 | L32: =IF(J32="","", IFERROR( HOUR(MIN(MOD(J32,1), TIME(11,0,0))) + MINUTE(MIN(MOD(J32,1), TIME(11,0,0)))/100, HOUR(MIN(MOD(TIMEVALUE(SUBSTITUTE(J32,CHAR(160),"")),1), TIME(11,0,0))) + MINUTE(MIN(MOD(TIMEVALUE(SUBSTITUTE(J32,CHAR(160),"")),1), TIME(11,0,0)))/100 ) ) -> 8 | M32: =IF(K32="","", IFERROR( HOUR(K32)+MINUTE(K32)/100, HOUR(TIMEVALUE(SUBSTITUTE(K32,CHAR(160),""))) +MINUTE(TIMEVALUE(SUBSTITUTE(K32,CHAR(160),"")))/100 ) ) -> 0
B33: 3 | C33: =VLOOKUP(B33,Employees!A:B,2,FALSE) -> Ranjan Kumar | D33: 0.70833333 | G33: 0.041666667 | H33: =F33 - E33 -> 0 | I33: =G33 - D33 -> -0.66666667 | J33: =I33 - H33 -> -0.66666667 | K33: =MAX( 0, MOD( IFERROR( J33, TIMEVALUE(SUBSTITUTE(J33,CHAR(160),"")) ), 1 ) - TIME(11,0,0) ) -> 0 | L33: =IF(J33="","", IFERROR( HOUR(MIN(MOD(J33,1), TIME(11,0,0))) + MINUTE(MIN(MOD(J33,1), TIME(11,0,0)))/100, HOUR(MIN(MOD(TIMEVALUE(SUBSTITUTE(J33,CHAR(160),"")),1), TIME(11,0,0))) + MINUTE(MIN(MOD(TIMEVALUE(SUBSTITUTE(J33,CHAR(160),"")),1), TIME(11,0,0)))/100 ) ) -> 8 | M33: =IF(K33="","", IFERROR( HOUR(K33)+MINUTE(K33)/100, HOUR(TIMEVALUE(SUBSTITUTE(K33,CHAR(160),""))) +MINUTE(TIMEVALUE(SUBSTITUTE(K33,CHAR(160),"")))/100 ) ) -> 0
A34: 46155 | G34: Wednesday | L34: =IF(J34="","", IFERROR( HOUR(MIN(MOD(J34,1), TIME(11,0,0))) + MINUTE(MIN(MOD(J34,1), TIME(11,0,0)))/100, HOUR(MIN(MOD(TIMEVALUE(SUBSTITUTE(J34,CHAR(160),"")),1), TIME(11,0,0))) + MINUTE(MIN(MOD(TIMEVALUE(SUBSTITUTE(J34,CHAR(160),"")),1), TIME(11,0,0)))/100 ) ) | M34: =IF(K34="","", IFERROR( HOUR(K34)+MINUTE(K34)/100, HOUR(TIMEVALUE(SUBSTITUTE(K34,CHAR(160),""))) +MINUTE(TIMEVALUE(SUBSTITUTE(K34,CHAR(160),"")))/100 ) )
A35: 46156 | B35: 1 | C35: =VLOOKUP(B35,Employees!A:B,2,FALSE) -> Rajat Hela | D35: 0.33333333 | E35: 0.54166667 | F35: 0.58333333 | G35: 0.70833333 | H35: =F35 - E35 -> 0.041666667 | I35: =G35 - D35 -> 0.375 | J35: =I35 - H35 -> 0.33333333 | K35: =MAX( 0, MOD( IFERROR( J35, TIMEVALUE(SUBSTITUTE(J35,CHAR(160),"")) ), 1 ) - TIME(11,0,0) ) -> 0 | L35: =IF(J35="","", IFERROR( HOUR(MIN(MOD(J35,1), TIME(11,0,0))) + MINUTE(MIN(MOD(J35,1), TIME(11,0,0)))/100, HOUR(MIN(MOD(TIMEVALUE(SUBSTITUTE(J35,CHAR(160),"")),1), TIME(11,0,0))) + MINUTE(MIN(MOD(TIMEVALUE(SUBSTITUTE(J35,CHAR(160),"")),1), TIME(11,0,0)))/100 ) ) -> 8 | M35: =IF(K35="","", IFERROR( HOUR(K35)+MINUTE(K35)/100, HOUR(TIMEVALUE(SUBSTITUTE(K35,CHAR(160),""))) +MINUTE(TIMEVALUE(SUBSTITUTE(K35,CHAR(160),"")))/100 ) ) -> 0
